-- MEMBER Sample
INSERT INTO MEMBER (ID, EMAIL, PASSWORD) VALUES ('tp1130', 'thinpig1130@gmail.com', 'qwer1234!!');
INSERT INTO MEMBER (ID, EMAIL, PASSWORD) VALUES ('cjscn', 'ifsayde@gmail.com', '8477');
INSERT INTO MEMBER (ID, EMAIL, PASSWORD) VALUES ('hardstu', 'hardStu0@naver.com', '11112222!');
INSERT INTO MEMBER (ID, EMAIL, PASSWORD) VALUES ('orangegogo', 'orange37@hanmail.net', '100100100');
INSERT INTO MEMBER (ID, EMAIL, PASSWORD) VALUES ('qwert', 'qwert@hanmail.net', 'qwert');

-- MANAGER Sample 
INSERT INTO MANAGER (ID, EMAIL) VALUES ('tp1130', 'thinpig1130@gmail.com');
INSERT INTO MANAGER (ID, EMAIL) VALUES ('cjscn', 'ifsayde@gmail.com');

-- COURSE Sample
INSERT INTO COURSE (CODE, NAME)	VALUES ('C01', '정보처리기사 필기');
INSERT INTO COURSE (CODE, NAME)	VALUES ('C02', '정보처리기사 실기');

-- CATEGORY Sample 
-- 정보처리기사 필기
INSERT INTO CATEGORY (CODE, NAME, CO_CODE) VALUES ('01C01', '소프트웨어 설계', 'C01');
INSERT INTO CATEGORY (CODE, NAME, CO_CODE) VALUES ('01C02', '소프트웨어 개발', 'C01');
INSERT INTO CATEGORY (CODE, NAME, CO_CODE) VALUES ('01C03', '데이터베이스 구축', 'C01');
INSERT INTO CATEGORY (CODE, NAME, CO_CODE) VALUES ('01C04', '프로그래밍 언어 활용', 'C01');
INSERT INTO CATEGORY (CODE, NAME, CO_CODE) VALUES ('01C05', '정보시스템 구축 관리', 'C01');

INSERT INTO CATEGORY (CODE, NAME, CO_CODE) VALUES ('02C01', '프로그래밍 언어 활용', 'C02');
INSERT INTO CATEGORY (CODE, NAME, CO_CODE) VALUES ('02C02', '요구사항 확인', 'C02');
INSERT INTO CATEGORY (CODE, NAME, CO_CODE) VALUES ('02C03', '데이터 입.출력 구현', 'C02');
INSERT INTO CATEGORY (CODE, NAME, CO_CODE) VALUES ('02C04', '통합구현', 'C02');
INSERT INTO CATEGORY (CODE, NAME, CO_CODE) VALUES ('02C05', '서버 프로그램 구현', 'C02');

-- SUB_CATEGORY Sample
-- 정보처리기사 필기 소분류
INSERT INTO SUB_CATEGORY (CODE, NAME, CA_CODE) VALUES ('0101C01', '요구사항 확인', '01C01');
INSERT INTO SUB_CATEGORY (CODE, NAME, CA_CODE) VALUES ('0101C02', '화면 설계', '01C01');
INSERT INTO SUB_CATEGORY (CODE, NAME, CA_CODE) VALUES ('0101C03', '애플리케이션 설계', '01C01');
INSERT INTO SUB_CATEGORY (CODE, NAME, CA_CODE) VALUES ('0101C04', '인터페이스 설계', '01C01');

INSERT INTO SUB_CATEGORY (CODE, NAME, CA_CODE) VALUES ('0102C01', '데이터 입.출력 구현', '01C02');
INSERT INTO SUB_CATEGORY (CODE, NAME, CA_CODE) VALUES ('0102C02', '통합 구현', '01C02');
INSERT INTO SUB_CATEGORY (CODE, NAME, CA_CODE) VALUES ('0102C03', '제품 소프트웨어 패키징', '01C02');
INSERT INTO SUB_CATEGORY (CODE, NAME, CA_CODE) VALUES ('0102C04', '애플리케이션 테스트 관리', '01C02');
INSERT INTO SUB_CATEGORY (CODE, NAME, CA_CODE) VALUES ('0102C05', '인터페이스 구현', '01C02');

INSERT INTO SUB_CATEGORY (CODE, NAME, CA_CODE) VALUES ('0103C01', '논리 데이터베이스 설계', '01C03');
INSERT INTO SUB_CATEGORY (CODE, NAME, CA_CODE) VALUES ('0103C02', '물리 데이터베이스 설계', '01C03');
INSERT INTO SUB_CATEGORY (CODE, NAME, CA_CODE) VALUES ('0103C03', 'SQL응용', '01C03');
INSERT INTO SUB_CATEGORY (CODE, NAME, CA_CODE) VALUES ('0103C04', 'SQL활용', '01C03');
INSERT INTO SUB_CATEGORY (CODE, NAME, CA_CODE) VALUES ('0103C05', '데이터 전환', '01C03');

INSERT INTO SUB_CATEGORY (CODE, NAME, CA_CODE) VALUES ('0104C01', '서버 프로그램 구현', '01C04');
INSERT INTO SUB_CATEGORY (CODE, NAME, CA_CODE) VALUES ('0104C02', '프로그래밍 언어 활용', '01C04');
INSERT INTO SUB_CATEGORY (CODE, NAME, CA_CODE) VALUES ('0104C03', '응용 SW 기초 기술 활용', '01C04');

INSERT INTO SUB_CATEGORY (CODE, NAME, CA_CODE) VALUES ('0105C01', '소프트웨어 개발 방법론 활용', '01C05');
INSERT INTO SUB_CATEGORY (CODE, NAME, CA_CODE) VALUES ('0105C02', 'IT프로젝트 정보시스템 구축 관리', '01C05');
INSERT INTO SUB_CATEGORY (CODE, NAME, CA_CODE) VALUES ('0105C03', '소프트웨어 개발 보안 구축', '01C05');
INSERT INTO SUB_CATEGORY (CODE, NAME, CA_CODE) VALUES ('0105C04', '시스템 보안 구축', '01C05');

-- 정보처리기사 실기 소분류
INSERT INTO SUB_CATEGORY (CODE, NAME, CA_CODE) VALUES ('0201C01', '데이터 타입', '02C01');
INSERT INTO SUB_CATEGORY (CODE, NAME, CA_CODE) VALUES ('0201C02', '변수', '02C01');
INSERT INTO SUB_CATEGORY (CODE, NAME, CA_CODE) VALUES ('0201C03', '데이터 입.출력', '02C01');


-- STUDY_CONTENTS Sample
-- 정보처리기사 필기 학습 컨텐츠
INSERT INTO STUDY_CONTENTS (CODE, IMPORTANCE, TITLE, CONTENTS, REG_DATE, SUB_CODE) VALUES ('010101C001', 1, '소프트웨어 생명 주기', '진짜 컨텐츠를 넣어야지 !! ', SYSDATE, '0101C01');
INSERT INTO STUDY_CONTENTS (CODE, IMPORTANCE, TITLE, CONTENTS, REG_DATE, SUB_CODE) VALUES ('010101C010', 1, '스크럼(Scrum) 기법', '스크럼(Scrum) 기법 내용무', SYSDATE, '0101C01');
INSERT INTO STUDY_CONTENTS (CODE, IMPORTANCE, TITLE, CONTENTS, REG_DATE, SUB_CODE) VALUES ('010101C020', 1, 'XP(eXtreme Programming) 기법', 'XP(eXtreme Programming) 기법 내용무', SYSDATE, '0101C01');
INSERT INTO STUDY_CONTENTS (CODE, IMPORTANCE, TITLE, CONTENTS, REG_DATE, SUB_CODE) VALUES ('010101C030', 3, '현행 시스템 파악', '현행 시스템 파악 내용무', SYSDATE, '0101C01');
INSERT INTO STUDY_CONTENTS (CODE, IMPORTANCE, TITLE, CONTENTS, REG_DATE, SUB_CODE) VALUES ('010101C040', 3, '개발 기술 환경 파악', '개발 기술 환경 파악 내용무', SYSDATE, '0101C01');
INSERT INTO STUDY_CONTENTS (CODE, IMPORTANCE, TITLE, CONTENTS, REG_DATE, SUB_CODE) VALUES ('010101C050', 2, '요구사항 정의', '요구사항 정의 내용무', SYSDATE, '0101C01');
INSERT INTO STUDY_CONTENTS (CODE, IMPORTANCE, TITLE, CONTENTS, REG_DATE, SUB_CODE) VALUES ('010101C060', 3, '요구사항 분석 기법', '요구사항 분석 기법 내용무', SYSDATE, '0101C01');
INSERT INTO STUDY_CONTENTS (CODE, IMPORTANCE, TITLE, CONTENTS, REG_DATE, SUB_CODE) VALUES ('010101C070', 3, '요구사항 확인 기법', '요구사항 확인 기법 내용무', SYSDATE, '0101C01');
INSERT INTO STUDY_CONTENTS (CODE, IMPORTANCE, TITLE, CONTENTS, REG_DATE, SUB_CODE) VALUES ('010101C080', 1, 'UML(Unified Modeling Language)', 'UML(Unified Modeling Language) 내용무', SYSDATE, '0101C01');

INSERT INTO STUDY_CONTENTS (CODE, IMPORTANCE, TITLE, CONTENTS, REG_DATE, SUB_CODE) VALUES ('010102C001', 1, '사용자 인터페이스', '사용자 인터페이스 내용무', SYSDATE, '0101C02');
INSERT INTO STUDY_CONTENTS (CODE, IMPORTANCE, TITLE, CONTENTS, REG_DATE, SUB_CODE) VALUES ('010102C010', 2, 'UI 표준 및 지침', 'UI 표준 및 지침 내용무', SYSDATE, '0101C02');
INSERT INTO STUDY_CONTENTS (CODE, IMPORTANCE, TITLE, CONTENTS, REG_DATE, SUB_CODE) VALUES ('010102C020', 1, 'UI 설계 도구', 'UI 설계 도구 내용무', SYSDATE, '0101C02');
INSERT INTO STUDY_CONTENTS (CODE, IMPORTANCE, TITLE, CONTENTS, REG_DATE, SUB_CODE) VALUES ('010102C030', 2, 'UI 요구사항 확인', 'UI 요구사항 확인 내용무', SYSDATE, '0101C02');
INSERT INTO STUDY_CONTENTS (CODE, IMPORTANCE, TITLE, CONTENTS, REG_DATE, SUB_CODE) VALUES ('010102C040', 2, '품질 요구사항', '품질 요구사항 내용무', SYSDATE, '0101C02');
INSERT INTO STUDY_CONTENTS (CODE, IMPORTANCE, TITLE, CONTENTS, REG_DATE, SUB_CODE) VALUES ('010102C050', 1, 'UI 프로토타입 제작 및 검토', 'UI 프로토타입 제작 및 검토 내용무', SYSDATE, '0101C02');
INSERT INTO STUDY_CONTENTS (CODE, IMPORTANCE, TITLE, CONTENTS, REG_DATE, SUB_CODE) VALUES ('010102C060', 2, 'UI 설계서 작성', 'UI 설계서 작성 내용무', SYSDATE, '0101C02');
INSERT INTO STUDY_CONTENTS (CODE, IMPORTANCE, TITLE, CONTENTS, REG_DATE, SUB_CODE) VALUES ('010102C070', 3, '유용성 평가', '유용성 평가 내용무', SYSDATE, '0101C02');
INSERT INTO STUDY_CONTENTS (CODE, IMPORTANCE, TITLE, CONTENTS, REG_DATE, SUB_CODE) VALUES ('010102C080', 2, 'UI 상세 설계', 'UI 상세 설계 내용무', SYSDATE, '0101C02');
INSERT INTO STUDY_CONTENTS (CODE, IMPORTANCE, TITLE, CONTENTS, REG_DATE, SUB_CODE) VALUES ('010102C090', 3, 'HCI / UX / 감성공학', 'HCI / UX / 감성공학 내용무', SYSDATE, '0101C02');

INSERT INTO STUDY_CONTENTS (CODE, IMPORTANCE, TITLE, CONTENTS, REG_DATE, SUB_CODE) VALUES ('010103C001', 1, '소프트웨어 아키텍처', '내용 없음', SYSDATE, '0101C03');
INSERT INTO STUDY_CONTENTS (CODE, IMPORTANCE, TITLE, CONTENTS, REG_DATE, SUB_CODE) VALUES ('010103C010', 1, '아키텍처 패턴', '내용 없음', SYSDATE, '0101C03');
INSERT INTO STUDY_CONTENTS (CODE, IMPORTANCE, TITLE, CONTENTS, REG_DATE, SUB_CODE) VALUES ('010103C020', 1, '객체지향(Object-Oriented)', '내용 없음', SYSDATE, '0101C03');
INSERT INTO STUDY_CONTENTS (CODE, IMPORTANCE, TITLE, CONTENTS, REG_DATE, SUB_CODE) VALUES ('010103C030', 1, '모듈', '내용 없음', SYSDATE, '0101C03');
INSERT INTO STUDY_CONTENTS (CODE, IMPORTANCE, TITLE, CONTENTS, REG_DATE, SUB_CODE) VALUES ('010103C040', 3, '공통모듈', '내용 없음', SYSDATE, '0101C03');
INSERT INTO STUDY_CONTENTS (CODE, IMPORTANCE, TITLE, CONTENTS, REG_DATE, SUB_CODE) VALUES ('010103C050', 2, '코드', '내용 없음', SYSDATE, '0101C03');
INSERT INTO STUDY_CONTENTS (CODE, IMPORTANCE, TITLE, CONTENTS, REG_DATE, SUB_CODE) VALUES ('010103C060', 2, '디자인 패턴', '내용 없음', SYSDATE, '0101C03');

INSERT INTO STUDY_CONTENTS (CODE, IMPORTANCE, TITLE, CONTENTS, REG_DATE, SUB_CODE) VALUES ('010104C001', 2, '시스템 인터페이스 요구사항 분석', '내용 없음', SYSDATE, '0101C04');
INSERT INTO STUDY_CONTENTS (CODE, IMPORTANCE, TITLE, CONTENTS, REG_DATE, SUB_CODE) VALUES ('010104C010', 2, '인터페이스 요구사항 검증', '내용 없음', SYSDATE, '0101C04');
INSERT INTO STUDY_CONTENTS (CODE, IMPORTANCE, TITLE, CONTENTS, REG_DATE, SUB_CODE) VALUES ('010104C020', 3, '인터페이스 시스템 식별', '내용 없음', SYSDATE, '0101C04');
INSERT INTO STUDY_CONTENTS (CODE, IMPORTANCE, TITLE, CONTENTS, REG_DATE, SUB_CODE) VALUES ('010104C030', 3, '송.수신 데이터 식별', '내용 없음', SYSDATE, '0101C04');
INSERT INTO STUDY_CONTENTS (CODE, IMPORTANCE, TITLE, CONTENTS, REG_DATE, SUB_CODE) VALUES ('010104C040', 2, '인터페이스 방법 명세화', '내용 없음', SYSDATE, '0101C04');
INSERT INTO STUDY_CONTENTS (CODE, IMPORTANCE, TITLE, CONTENTS, REG_DATE, SUB_CODE) VALUES ('010104C050', 3, '시스템 인터페이스 설계서 작성', '내용 없음', SYSDATE, '0101C04');
INSERT INTO STUDY_CONTENTS (CODE, IMPORTANCE, TITLE, CONTENTS, REG_DATE, SUB_CODE) VALUES ('010104C060', 1, '미들웨어 솔루션 명세', '내용 없음', SYSDATE, '0101C04');

INSERT INTO STUDY_CONTENTS (CODE, IMPORTANCE, TITLE, CONTENTS, REG_DATE, SUB_CODE) VALUES ('010201C001', 1, '자료구조', '내용 없음', SYSDATE, '0102C01');
INSERT INTO STUDY_CONTENTS (CODE, IMPORTANCE, TITLE, CONTENTS, REG_DATE, SUB_CODE) VALUES ('010201C010', 1, '데이터저장소/데이터베이스/DBMS', '내용 없음', SYSDATE, '0102C01');
INSERT INTO STUDY_CONTENTS (CODE, IMPORTANCE, TITLE, CONTENTS, REG_DATE, SUB_CODE) VALUES ('010201C020', 2, '데이터 입.출력', '내용 없음', SYSDATE, '0102C01');
INSERT INTO STUDY_CONTENTS (CODE, IMPORTANCE, TITLE, CONTENTS, REG_DATE, SUB_CODE) VALUES ('010201C030', 2, '절차형 SQL', '내용 없음', SYSDATE, '0102C01');

INSERT INTO STUDY_CONTENTS (CODE, IMPORTANCE, TITLE, CONTENTS, REG_DATE, SUB_CODE) VALUES ('010202C001', 3, '단위 모둘 구현', '내용 없음', SYSDATE, '0102C02');
INSERT INTO STUDY_CONTENTS (CODE, IMPORTANCE, TITLE, CONTENTS, REG_DATE, SUB_CODE) VALUES ('010202C010', 2, '단위 모듈 테스트', '내용 없음', SYSDATE, '0102C02');
INSERT INTO STUDY_CONTENTS (CODE, IMPORTANCE, TITLE, CONTENTS, REG_DATE, SUB_CODE) VALUES ('010202C020', 2, '개발 지원 도구', '내용 없음', SYSDATE, '0102C02');

INSERT INTO STUDY_CONTENTS (CODE, IMPORTANCE, TITLE, CONTENTS, REG_DATE, SUB_CODE) VALUES ('010203C001', 2, '소프트웨어 패키징', '내용 없음', SYSDATE, '0102C03');
INSERT INTO STUDY_CONTENTS (CODE, IMPORTANCE, TITLE, CONTENTS, REG_DATE, SUB_CODE) VALUES ('010203C010', 2, '릴리즈 노트 작성', '내용 없음', SYSDATE, '0102C03');
INSERT INTO STUDY_CONTENTS (CODE, IMPORTANCE, TITLE, CONTENTS, REG_DATE, SUB_CODE) VALUES ('010203C020', 1, '디지털 저작권 관리(DRM)', '내용 없음', SYSDATE, '0102C03');
INSERT INTO STUDY_CONTENTS (CODE, IMPORTANCE, TITLE, CONTENTS, REG_DATE, SUB_CODE) VALUES ('010203C030', 3, '소프트웨어 설치 매뉴얼 작성', '내용 없음', SYSDATE, '0102C03');
INSERT INTO STUDY_CONTENTS (CODE, IMPORTANCE, TITLE, CONTENTS, REG_DATE, SUB_CODE) VALUES ('010203C040', 3, '소프트웨어 사용자 매뉴얼 작성', '내용 없음', SYSDATE, '0102C03');
INSERT INTO STUDY_CONTENTS (CODE, IMPORTANCE, TITLE, CONTENTS, REG_DATE, SUB_CODE) VALUES ('010203C050', 2, '소프트웨어 버전 등록', '내용 없음', SYSDATE, '0102C03');
INSERT INTO STUDY_CONTENTS (CODE, IMPORTANCE, TITLE, CONTENTS, REG_DATE, SUB_CODE) VALUES ('010203C060', 1, '소프트웨어 버전 관리 도구', '내용 없음', SYSDATE, '0102C03');
INSERT INTO STUDY_CONTENTS (CODE, IMPORTANCE, TITLE, CONTENTS, REG_DATE, SUB_CODE) VALUES ('010203C070', 2, '빌드 자동화 도구', '내용 없음', SYSDATE, '0102C03');

INSERT INTO STUDY_CONTENTS (CODE, IMPORTANCE, TITLE, CONTENTS, REG_DATE, SUB_CODE) VALUES ('010204C001', 2, '애플리케이션 테스트', '내용 없음', SYSDATE, '0102C04');
INSERT INTO STUDY_CONTENTS (CODE, IMPORTANCE, TITLE, CONTENTS, REG_DATE, SUB_CODE) VALUES ('010204C010', 2, '애플리케이션 테스트의 분류', '내용 없음', SYSDATE, '0102C04');
INSERT INTO STUDY_CONTENTS (CODE, IMPORTANCE, TITLE, CONTENTS, REG_DATE, SUB_CODE) VALUES ('010204C020', 1, '테스트 기법에 따른 애플리케이션 테스트', '내용 없음', SYSDATE, '0102C04');
INSERT INTO STUDY_CONTENTS (CODE, IMPORTANCE, TITLE, CONTENTS, REG_DATE, SUB_CODE) VALUES ('010204C030', 1, '개발 단계에 따른 애플리케이션 테스트', '내용 없음', SYSDATE, '0102C04');
INSERT INTO STUDY_CONTENTS (CODE, IMPORTANCE, TITLE, CONTENTS, REG_DATE, SUB_CODE) VALUES ('010204C040', 1, '통합 테스트', '내용 없음', SYSDATE, '0102C04');
INSERT INTO STUDY_CONTENTS (CODE, IMPORTANCE, TITLE, CONTENTS, REG_DATE, SUB_CODE) VALUES ('010204C050', 2, '애플리케이션 테스트 프로세스', '내용 없음', SYSDATE, '0102C04');
INSERT INTO STUDY_CONTENTS (CODE, IMPORTANCE, TITLE, CONTENTS, REG_DATE, SUB_CODE) VALUES ('010204C060', 2, '테스트 케이스/테스트 시나리오/ 테스트 오라클', '내용 없음', SYSDATE, '0102C04');
INSERT INTO STUDY_CONTENTS (CODE, IMPORTANCE, TITLE, CONTENTS, REG_DATE, SUB_CODE) VALUES ('010204C070', 2, '테스트 자동화 도구', '내용 없음', SYSDATE, '0102C04');
INSERT INTO STUDY_CONTENTS (CODE, IMPORTANCE, TITLE, CONTENTS, REG_DATE, SUB_CODE) VALUES ('010204C080', 2, '결함 관리', '내용 없음', SYSDATE, '0102C04');
INSERT INTO STUDY_CONTENTS (CODE, IMPORTANCE, TITLE, CONTENTS, REG_DATE, SUB_CODE) VALUES ('010204C090', 3, '애플리케이션 성능 분석', '내용 없음', SYSDATE, '0102C04');
INSERT INTO STUDY_CONTENTS (CODE, IMPORTANCE, TITLE, CONTENTS, REG_DATE, SUB_CODE) VALUES ('010204C100', 3, '애플리케이션 성능 개선', '내용 없음', SYSDATE, '0102C04');

INSERT INTO STUDY_CONTENTS (CODE, IMPORTANCE, TITLE, CONTENTS, REG_DATE, SUB_CODE) VALUES ('010205C001', 3, '모듈 간 공통 기능 및 데이터 인터페이스 확인', '내용 없음', SYSDATE, '0102C05');
INSERT INTO STUDY_CONTENTS (CODE, IMPORTANCE, TITLE, CONTENTS, REG_DATE, SUB_CODE) VALUES ('010205C010', 1, '모듈 연계를 위한 인터페이스 기능 식별', '내용 없음', SYSDATE, '0102C05');
INSERT INTO STUDY_CONTENTS (CODE, IMPORTANCE, TITLE, CONTENTS, REG_DATE, SUB_CODE) VALUES ('010205C020', 3, '모듈 간 인터페이스 데이터 표준 확인', '내용 없음', SYSDATE, '0102C05');
INSERT INTO STUDY_CONTENTS (CODE, IMPORTANCE, TITLE, CONTENTS, REG_DATE, SUB_CODE) VALUES ('010205C030', 2, '인터페이스 기능 구현 정의', '내용 없음', SYSDATE, '0102C05');
INSERT INTO STUDY_CONTENTS (CODE, IMPORTANCE, TITLE, CONTENTS, REG_DATE, SUB_CODE) VALUES ('010205C040', 3, '인터페이스 구현', '내용 없음', SYSDATE, '0102C05');
INSERT INTO STUDY_CONTENTS (CODE, IMPORTANCE, TITLE, CONTENTS, REG_DATE, SUB_CODE) VALUES ('010205C050', 2, '인터페이스 예외 처리', '내용 없음', SYSDATE, '0102C05');
INSERT INTO STUDY_CONTENTS (CODE, IMPORTANCE, TITLE, CONTENTS, REG_DATE, SUB_CODE) VALUES ('010205C060', 2, '인터페이스 보안', '내용 없음', SYSDATE, '0102C05');
INSERT INTO STUDY_CONTENTS (CODE, IMPORTANCE, TITLE, CONTENTS, REG_DATE, SUB_CODE) VALUES ('010205C070', 2, '연계 테스트', '내용 없음', SYSDATE, '0102C05');
INSERT INTO STUDY_CONTENTS (CODE, IMPORTANCE, TITLE, CONTENTS, REG_DATE, SUB_CODE) VALUES ('010205C080', 1, '인터페이스 구현 검증', '내용 없음', SYSDATE, '0102C05');
INSERT INTO STUDY_CONTENTS (CODE, IMPORTANCE, TITLE, CONTENTS, REG_DATE, SUB_CODE) VALUES ('010205C090', 3, '인터페이스 오류 확인 및 처리 보고서 작성', '내용 없음', SYSDATE, '0102C05');

INSERT INTO STUDY_CONTENTS (CODE, IMPORTANCE, TITLE, CONTENTS, REG_DATE, SUB_CODE) VALUES ('010301C001', 1, '데이터베이스 설계', '내용 없음', SYSDATE, '0103C01');
INSERT INTO STUDY_CONTENTS (CODE, IMPORTANCE, TITLE, CONTENTS, REG_DATE, SUB_CODE) VALUES ('010301C010', 2, '데이터 모델의 개념', '내용 없음', SYSDATE, '0103C01');
INSERT INTO STUDY_CONTENTS (CODE, IMPORTANCE, TITLE, CONTENTS, REG_DATE, SUB_CODE) VALUES ('010301C020', 1, '데이터 모델의 구성 요소 - 개체(Entity)', '내용 없음', SYSDATE, '0103C01');
INSERT INTO STUDY_CONTENTS (CODE, IMPORTANCE, TITLE, CONTENTS, REG_DATE, SUB_CODE) VALUES ('010301C030', 2, '데이터 모델의 구성 요소 - 속성(Attribute)', '내용 없음', SYSDATE, '0103C01');
INSERT INTO STUDY_CONTENTS (CODE, IMPORTANCE, TITLE, CONTENTS, REG_DATE, SUB_CODE) VALUES ('010301C040', 2, '데이터 모델의 구성 요소 - 관계(Relationship)', '내용 없음', SYSDATE, '0103C01');
INSERT INTO STUDY_CONTENTS (CODE, IMPORTANCE, TITLE, CONTENTS, REG_DATE, SUB_CODE) VALUES ('010301C050', 3, '식별자(Identifier)', '내용 없음', SYSDATE, '0103C01');
INSERT INTO STUDY_CONTENTS (CODE, IMPORTANCE, TITLE, CONTENTS, REG_DATE, SUB_CODE) VALUES ('010301C060', 1, 'E-R(개체-관계) 모델', '내용 없음', SYSDATE, '0103C01');
INSERT INTO STUDY_CONTENTS (CODE, IMPORTANCE, TITLE, CONTENTS, REG_DATE, SUB_CODE) VALUES ('010301C070', 3, '관계형 데이터 모델', '내용 없음', SYSDATE, '0103C01');
INSERT INTO STUDY_CONTENTS (CODE, IMPORTANCE, TITLE, CONTENTS, REG_DATE, SUB_CODE) VALUES ('010301C080', 1, '관계형 데이터베이스의 구조', '내용 없음', SYSDATE, '0103C01');
INSERT INTO STUDY_CONTENTS (CODE, IMPORTANCE, TITLE, CONTENTS, REG_DATE, SUB_CODE) VALUES ('010301C090', 1, '관계형 데이터베이스의 제약조건-키(Key)', '내용 없음', SYSDATE, '0103C01');
INSERT INTO STUDY_CONTENTS (CODE, IMPORTANCE, TITLE, CONTENTS, REG_DATE, SUB_CODE) VALUES ('010301C100', 2, '관계형 데이터베이스의 제약조건-무결성', '내용 없음', SYSDATE, '0103C01');
INSERT INTO STUDY_CONTENTS (CODE, IMPORTANCE, TITLE, CONTENTS, REG_DATE, SUB_CODE) VALUES ('010301C110', 1, '관계대수 및 관계해석', '내용 없음', SYSDATE, '0103C01');
INSERT INTO STUDY_CONTENTS (CODE, IMPORTANCE, TITLE, CONTENTS, REG_DATE, SUB_CODE) VALUES ('010301C120', 1, '정규화(Normalization)', '내용 없음', SYSDATE, '0103C01');
INSERT INTO STUDY_CONTENTS (CODE, IMPORTANCE, TITLE, CONTENTS, REG_DATE, SUB_CODE) VALUES ('010301C130', 2, '반정규화(Denormalization)', '내용 없음', SYSDATE, '0103C01');
INSERT INTO STUDY_CONTENTS (CODE, IMPORTANCE, TITLE, CONTENTS, REG_DATE, SUB_CODE) VALUES ('010301C140', 1, '시스템 카탈로그', '내용 없음', SYSDATE, '0103C01');

INSERT INTO STUDY_CONTENTS (CODE, IMPORTANCE, TITLE, CONTENTS, REG_DATE, SUB_CODE) VALUES ('010302C001', 2, '사전 조사 분석', '내용 없음', SYSDATE, '0103C02');
INSERT INTO STUDY_CONTENTS (CODE, IMPORTANCE, TITLE, CONTENTS, REG_DATE, SUB_CODE) VALUES ('010302C010', 2, '데이터베이스 저장 공간 설계', '내용 없음', SYSDATE, '0103C02');
INSERT INTO STUDY_CONTENTS (CODE, IMPORTANCE, TITLE, CONTENTS, REG_DATE, SUB_CODE) VALUES ('010302C020', 2, '트랜잭션 분석 / CRUD 분석', '내용 없음', SYSDATE, '0103C02');
INSERT INTO STUDY_CONTENTS (CODE, IMPORTANCE, TITLE, CONTENTS, REG_DATE, SUB_CODE) VALUES ('010302C030', 1, '인덱스 설계', '내용 없음', SYSDATE, '0103C02');
INSERT INTO STUDY_CONTENTS (CODE, IMPORTANCE, TITLE, CONTENTS, REG_DATE, SUB_CODE) VALUES ('010302C040', 1, '뷰(View) 설계', '내용 없음', SYSDATE, '0103C02');
INSERT INTO STUDY_CONTENTS (CODE, IMPORTANCE, TITLE, CONTENTS, REG_DATE, SUB_CODE) VALUES ('010302C050', 1, '클러스터 설계', '내용 없음', SYSDATE, '0103C02');
INSERT INTO STUDY_CONTENTS (CODE, IMPORTANCE, TITLE, CONTENTS, REG_DATE, SUB_CODE) VALUES ('010302C060', 1, '파티션 설계', '내용 없음', SYSDATE, '0103C02');
INSERT INTO STUDY_CONTENTS (CODE, IMPORTANCE, TITLE, CONTENTS, REG_DATE, SUB_CODE) VALUES ('010302C070', 3, '데이터베이스 용량 설계', '내용 없음', SYSDATE, '0103C02');
INSERT INTO STUDY_CONTENTS (CODE, IMPORTANCE, TITLE, CONTENTS, REG_DATE, SUB_CODE) VALUES ('010302C080', 1, '분산 데이터베이스 설계', '내용 없음', SYSDATE, '0103C02');
INSERT INTO STUDY_CONTENTS (CODE, IMPORTANCE, TITLE, CONTENTS, REG_DATE, SUB_CODE) VALUES ('010302C090', 2, '데이터베이스 이중화 / 서버 클러스터링', '내용 없음', SYSDATE, '0103C02');
INSERT INTO STUDY_CONTENTS (CODE, IMPORTANCE, TITLE, CONTENTS, REG_DATE, SUB_CODE) VALUES ('010302C100', 2, '데이터베이스 보안 / 암호화', '내용 없음', SYSDATE, '0103C02');
INSERT INTO STUDY_CONTENTS (CODE, IMPORTANCE, TITLE, CONTENTS, REG_DATE, SUB_CODE) VALUES ('010302C110', 1, '데이터베이스 보안 - 접근통제', '내용 없음', SYSDATE, '0103C02');
INSERT INTO STUDY_CONTENTS (CODE, IMPORTANCE, TITLE, CONTENTS, REG_DATE, SUB_CODE) VALUES ('010302C120', 3, '데이터베이스 백업', '내용 없음', SYSDATE, '0103C02');
INSERT INTO STUDY_CONTENTS (CODE, IMPORTANCE, TITLE, CONTENTS, REG_DATE, SUB_CODE) VALUES ('010302C130', 2, '스토리지', '내용 없음', SYSDATE, '0103C02');
INSERT INTO STUDY_CONTENTS (CODE, IMPORTANCE, TITLE, CONTENTS, REG_DATE, SUB_CODE) VALUES ('010302C140', 1, '논리 데이터 모델의 물리 데이터 모델 변환', '내용 없음', SYSDATE, '0103C02');
INSERT INTO STUDY_CONTENTS (CODE, IMPORTANCE, TITLE, CONTENTS, REG_DATE, SUB_CODE) VALUES ('010302C150', 3, '물리 데이터 모델 품질 검토', '내용 없음', SYSDATE, '0103C02');

INSERT INTO STUDY_CONTENTS (CODE, IMPORTANCE, TITLE, CONTENTS, REG_DATE, SUB_CODE) VALUES ('010303C001', 2, 'SQL의 개념', '내용 없음', SYSDATE, '0103C03');
INSERT INTO STUDY_CONTENTS (CODE, IMPORTANCE, TITLE, CONTENTS, REG_DATE, SUB_CODE) VALUES ('010303C010', 3, 'DDL', '내용 없음', SYSDATE, '0103C03');
INSERT INTO STUDY_CONTENTS (CODE, IMPORTANCE, TITLE, CONTENTS, REG_DATE, SUB_CODE) VALUES ('010303C020', 3, 'DCL', '내용 없음', SYSDATE, '0103C03');
INSERT INTO STUDY_CONTENTS (CODE, IMPORTANCE, TITLE, CONTENTS, REG_DATE, SUB_CODE) VALUES ('010303C030', 2, 'DML', '내용 없음', SYSDATE, '0103C03');
INSERT INTO STUDY_CONTENTS (CODE, IMPORTANCE, TITLE, CONTENTS, REG_DATE, SUB_CODE) VALUES ('010303C040', 1, 'DML-SELECT-1', '내용 없음', SYSDATE, '0103C03');
INSERT INTO STUDY_CONTENTS (CODE, IMPORTANCE, TITLE, CONTENTS, REG_DATE, SUB_CODE) VALUES ('010303C050', 1, 'DML-SELECT-2', '내용 없음', SYSDATE, '0103C03');
INSERT INTO STUDY_CONTENTS (CODE, IMPORTANCE, TITLE, CONTENTS, REG_DATE, SUB_CODE) VALUES ('010303C060', 2, 'DML-JOIN', '내용 없음', SYSDATE, '0103C03');

INSERT INTO STUDY_CONTENTS (CODE, IMPORTANCE, TITLE, CONTENTS, REG_DATE, SUB_CODE) VALUES ('010304C001', 1, '프로시저(Procedure)', '내용 없음', SYSDATE, '0103C04');
INSERT INTO STUDY_CONTENTS (CODE, IMPORTANCE, TITLE, CONTENTS, REG_DATE, SUB_CODE) VALUES ('010304C010', 2, '트리거(Trigger)', '내용 없음', SYSDATE, '0103C04');
INSERT INTO STUDY_CONTENTS (CODE, IMPORTANCE, TITLE, CONTENTS, REG_DATE, SUB_CODE) VALUES ('010304C020', 2, '사용자 정의 함수', '내용 없음', SYSDATE, '0103C04');
INSERT INTO STUDY_CONTENTS (CODE, IMPORTANCE, TITLE, CONTENTS, REG_DATE, SUB_CODE) VALUES ('010304C030', 2, 'DBMS 접속 기술', '내용 없음', SYSDATE, '0103C04');
INSERT INTO STUDY_CONTENTS (CODE, IMPORTANCE, TITLE, CONTENTS, REG_DATE, SUB_CODE) VALUES ('010304C040', 2, 'SQL 테스트', '내용 없음', SYSDATE, '0103C04');
INSERT INTO STUDY_CONTENTS (CODE, IMPORTANCE, TITLE, CONTENTS, REG_DATE, SUB_CODE) VALUES ('010304C050', 2, 'ORM(Object-Relational Mapping)', '내용 없음', SYSDATE, '0103C04');
INSERT INTO STUDY_CONTENTS (CODE, IMPORTANCE, TITLE, CONTENTS, REG_DATE, SUB_CODE) VALUES ('010304C060', 3, '쿼리 성능 최적화', '내용 없음', SYSDATE, '0103C04');

INSERT INTO STUDY_CONTENTS (CODE, IMPORTANCE, TITLE, CONTENTS, REG_DATE, SUB_CODE) VALUES ('010305C001', 2, '데이터 전환', '내용 없음', SYSDATE, '0103C05');
INSERT INTO STUDY_CONTENTS (CODE, IMPORTANCE, TITLE, CONTENTS, REG_DATE, SUB_CODE) VALUES ('010305C010', 3, '데이터 전환 계획서 작성', '내용 없음', SYSDATE, '0103C05');
INSERT INTO STUDY_CONTENTS (CODE, IMPORTANCE, TITLE, CONTENTS, REG_DATE, SUB_CODE) VALUES ('010305C020', 3, '데이터 전환 방안', '내용 없음', SYSDATE, '0103C05');
INSERT INTO STUDY_CONTENTS (CODE, IMPORTANCE, TITLE, CONTENTS, REG_DATE, SUB_CODE) VALUES ('010305C030', 3, '데이터 검증', '내용 없음', SYSDATE, '0103C05');
INSERT INTO STUDY_CONTENTS (CODE, IMPORTANCE, TITLE, CONTENTS, REG_DATE, SUB_CODE) VALUES ('010305C040', 3, '오류 데이터 측정 및 정제', '내용 없음', SYSDATE, '0103C05');
INSERT INTO STUDY_CONTENTS (CODE, IMPORTANCE, TITLE, CONTENTS, REG_DATE, SUB_CODE) VALUES ('010305C050', 3, '데이터 정제요청서 및 정제보고서', '내용 없음', SYSDATE, '0103C05');

INSERT INTO STUDY_CONTENTS (CODE, IMPORTANCE, TITLE, CONTENTS, REG_DATE, SUB_CODE) VALUES ('010401C001', 2, '개발 환경 구축', '내용 없음', SYSDATE, '0104C01');
INSERT INTO STUDY_CONTENTS (CODE, IMPORTANCE, TITLE, CONTENTS, REG_DATE, SUB_CODE) VALUES ('010401C010', 3, '서버 개발', '내용 없음', SYSDATE, '0104C01');
INSERT INTO STUDY_CONTENTS (CODE, IMPORTANCE, TITLE, CONTENTS, REG_DATE, SUB_CODE) VALUES ('010401C020', 2, '보안 및 API', '내용 없음', SYSDATE, '0104C01');
INSERT INTO STUDY_CONTENTS (CODE, IMPORTANCE, TITLE, CONTENTS, REG_DATE, SUB_CODE) VALUES ('010401C030', 2, '배치 프로그램', '내용 없음', SYSDATE, '0104C01');
INSERT INTO STUDY_CONTENTS (CODE, IMPORTANCE, TITLE, CONTENTS, REG_DATE, SUB_CODE) VALUES ('010401C040', 3, '패키지 소프트 웨어', '내용 없음', SYSDATE, '0104C01');

INSERT INTO STUDY_CONTENTS (CODE, IMPORTANCE, TITLE, CONTENTS, REG_DATE, SUB_CODE) VALUES ('010402C010', 2, '데이터 타입', '내용 없음', SYSDATE, '0104C02');
INSERT INTO STUDY_CONTENTS (CODE, IMPORTANCE, TITLE, CONTENTS, REG_DATE, SUB_CODE) VALUES ('010402C020', 1, '변수', '내용 없음', SYSDATE, '0104C02');
INSERT INTO STUDY_CONTENTS (CODE, IMPORTANCE, TITLE, CONTENTS, REG_DATE, SUB_CODE) VALUES ('010402C030', 1, '연산자', '내용 없음', SYSDATE, '0104C02');
INSERT INTO STUDY_CONTENTS (CODE, IMPORTANCE, TITLE, CONTENTS, REG_DATE, SUB_CODE) VALUES ('010402C040', 1, '제어문', '내용 없음', SYSDATE, '0104C02');
INSERT INTO STUDY_CONTENTS (CODE, IMPORTANCE, TITLE, CONTENTS, REG_DATE, SUB_CODE) VALUES ('010402C050', 1, '반복문', '내용 없음', SYSDATE, '0104C02');
INSERT INTO STUDY_CONTENTS (CODE, IMPORTANCE, TITLE, CONTENTS, REG_DATE, SUB_CODE) VALUES ('010402C060', 1, '배열과 문자열', '내용 없음', SYSDATE, '0104C02');
INSERT INTO STUDY_CONTENTS (CODE, IMPORTANCE, TITLE, CONTENTS, REG_DATE, SUB_CODE) VALUES ('010402C070', 1, '포인터', '내용 없음', SYSDATE, '0104C02');
INSERT INTO STUDY_CONTENTS (CODE, IMPORTANCE, TITLE, CONTENTS, REG_DATE, SUB_CODE) VALUES ('010402C080', 3, '절차적 프로그래밍 언어', '내용 없음', SYSDATE, '0104C02');
INSERT INTO STUDY_CONTENTS (CODE, IMPORTANCE, TITLE, CONTENTS, REG_DATE, SUB_CODE) VALUES ('010402C090', 3, '객체지향 프로그래밍 언어', '내용 없음', SYSDATE, '0104C02');
INSERT INTO STUDY_CONTENTS (CODE, IMPORTANCE, TITLE, CONTENTS, REG_DATE, SUB_CODE) VALUES ('010402C100', 3, '스크립트 언어', '내용 없음', SYSDATE, '0104C02');
INSERT INTO STUDY_CONTENTS (CODE, IMPORTANCE, TITLE, CONTENTS, REG_DATE, SUB_CODE) VALUES ('010402C110', 3, '선언형 언어', '내용 없음', SYSDATE, '0104C02');
INSERT INTO STUDY_CONTENTS (CODE, IMPORTANCE, TITLE, CONTENTS, REG_DATE, SUB_CODE) VALUES ('010402C120', 3, '라이브러리', '내용 없음', SYSDATE, '0104C02');
INSERT INTO STUDY_CONTENTS (CODE, IMPORTANCE, TITLE, CONTENTS, REG_DATE, SUB_CODE) VALUES ('010402C130', 1, '데이터 입.출력', '내용 없음', SYSDATE, '0104C02');
INSERT INTO STUDY_CONTENTS (CODE, IMPORTANCE, TITLE, CONTENTS, REG_DATE, SUB_CODE) VALUES ('010402C140', 3, '예외 처리', '내용 없음', SYSDATE, '0104C02');
INSERT INTO STUDY_CONTENTS (CODE, IMPORTANCE, TITLE, CONTENTS, REG_DATE, SUB_CODE) VALUES ('010402C150', 3, '프로토타입', '내용 없음', SYSDATE, '0104C02');

INSERT INTO STUDY_CONTENTS (CODE, IMPORTANCE, TITLE, CONTENTS, REG_DATE, SUB_CODE) VALUES ('010403C010', 1, '운영체제의 개념', '내용 없음', SYSDATE, '0104C03');
INSERT INTO STUDY_CONTENTS (CODE, IMPORTANCE, TITLE, CONTENTS, REG_DATE, SUB_CODE) VALUES ('010403C020', 3, 'Windows', '내용 없음', SYSDATE, '0104C03');
INSERT INTO STUDY_CONTENTS (CODE, IMPORTANCE, TITLE, CONTENTS, REG_DATE, SUB_CODE) VALUES ('010403C030', 1, 'UNIX / LINUX / MacOS', '내용 없음', SYSDATE, '0104C03');
INSERT INTO STUDY_CONTENTS (CODE, IMPORTANCE, TITLE, CONTENTS, REG_DATE, SUB_CODE) VALUES ('010403C040', 1, '기억장치 관리의 개요', '내용 없음', SYSDATE, '0104C03');
INSERT INTO STUDY_CONTENTS (CODE, IMPORTANCE, TITLE, CONTENTS, REG_DATE, SUB_CODE) VALUES ('010403C050', 3, '주기억장치 할당 기법', '내용 없음', SYSDATE, '0104C03');
INSERT INTO STUDY_CONTENTS (CODE, IMPORTANCE, TITLE, CONTENTS, REG_DATE, SUB_CODE) VALUES ('010403C060', 1, '가상기억장치 구현 기법 / 페이지 교체 알고리즘', '내용 없음', SYSDATE, '0104C03');
INSERT INTO STUDY_CONTENTS (CODE, IMPORTANCE, TITLE, CONTENTS, REG_DATE, SUB_CODE) VALUES ('010403C070', 1, '가상기억장치 기타 관리 사항', '내용 없음', SYSDATE, '0104C03');
INSERT INTO STUDY_CONTENTS (CODE, IMPORTANCE, TITLE, CONTENTS, REG_DATE, SUB_CODE) VALUES ('010403C080', 1, '프로세스의 개요', '내용 없음', SYSDATE, '0104C03');
INSERT INTO STUDY_CONTENTS (CODE, IMPORTANCE, TITLE, CONTENTS, REG_DATE, SUB_CODE) VALUES ('010403C090', 2, '스케줄링', '내용 없음', SYSDATE, '0104C03');
INSERT INTO STUDY_CONTENTS (CODE, IMPORTANCE, TITLE, CONTENTS, REG_DATE, SUB_CODE) VALUES ('010403C100', 3, '환경 변수', '내용 없음', SYSDATE, '0104C03');
INSERT INTO STUDY_CONTENTS (CODE, IMPORTANCE, TITLE, CONTENTS, REG_DATE, SUB_CODE) VALUES ('010403C110', 2, '운영체제 기본 명령어', '내용 없음', SYSDATE, '0104C03');
INSERT INTO STUDY_CONTENTS (CODE, IMPORTANCE, TITLE, CONTENTS, REG_DATE, SUB_CODE) VALUES ('010403C120', 1, '인터넷', '내용 없음', SYSDATE, '0104C03');
INSERT INTO STUDY_CONTENTS (CODE, IMPORTANCE, TITLE, CONTENTS, REG_DATE, SUB_CODE) VALUES ('010403C130', 1, 'OSI 참조 모델', '내용 없음', SYSDATE, '0104C03');
INSERT INTO STUDY_CONTENTS (CODE, IMPORTANCE, TITLE, CONTENTS, REG_DATE, SUB_CODE) VALUES ('010403C140', 2, '네트워크 관련 장비', '내용 없음', SYSDATE, '0104C03');
INSERT INTO STUDY_CONTENTS (CODE, IMPORTANCE, TITLE, CONTENTS, REG_DATE, SUB_CODE) VALUES ('010403C150', 2, '프로토콜의 개념', '내용 없음', SYSDATE, '0104C03');
INSERT INTO STUDY_CONTENTS (CODE, IMPORTANCE, TITLE, CONTENTS, REG_DATE, SUB_CODE) VALUES ('010403C160', 1, 'TCP/IP', '내용 없음', SYSDATE, '0104C03');

INSERT INTO STUDY_CONTENTS (CODE, IMPORTANCE, TITLE, CONTENTS, REG_DATE, SUB_CODE) VALUES ('010501C010', 1, '소프트웨어 개발 방법론', '내용 없음', SYSDATE, '0105C01');
INSERT INTO STUDY_CONTENTS (CODE, IMPORTANCE, TITLE, CONTENTS, REG_DATE, SUB_CODE) VALUES ('010501C020', 1, '비용 산정 기법', '내용 없음', SYSDATE, '0105C01');
INSERT INTO STUDY_CONTENTS (CODE, IMPORTANCE, TITLE, CONTENTS, REG_DATE, SUB_CODE) VALUES ('010501C030', 1, '비용 산정 기법 - 하양식', '내용 없음', SYSDATE, '0105C01');
INSERT INTO STUDY_CONTENTS (CODE, IMPORTANCE, TITLE, CONTENTS, REG_DATE, SUB_CODE) VALUES ('010501C040', 1, '비용 산정 기법 - 상향식', '내용 없음', SYSDATE, '0105C01');
INSERT INTO STUDY_CONTENTS (CODE, IMPORTANCE, TITLE, CONTENTS, REG_DATE, SUB_CODE) VALUES ('010501C050', 1, '수학적 산정 기법', '내용 없음', SYSDATE, '0105C01');
INSERT INTO STUDY_CONTENTS (CODE, IMPORTANCE, TITLE, CONTENTS, REG_DATE, SUB_CODE) VALUES ('010501C060', 3, '소프트웨어 개발 방법론 결정', '내용 없음', SYSDATE, '0105C01');
INSERT INTO STUDY_CONTENTS (CODE, IMPORTANCE, TITLE, CONTENTS, REG_DATE, SUB_CODE) VALUES ('010501C070', 2, '소프트웨어 개발 표준', '내용 없음', SYSDATE, '0105C01');
INSERT INTO STUDY_CONTENTS (CODE, IMPORTANCE, TITLE, CONTENTS, REG_DATE, SUB_CODE) VALUES ('010501C080', 2, '소프트웨어 개발 방법론 테일러링', '내용 없음', SYSDATE, '0105C01');
INSERT INTO STUDY_CONTENTS (CODE, IMPORTANCE, TITLE, CONTENTS, REG_DATE, SUB_CODE) VALUES ('010501C090', 2, '소프트웨어 개발 프레임워크', '내용 없음', SYSDATE, '0105C01');

INSERT INTO STUDY_CONTENTS (CODE, IMPORTANCE, TITLE, CONTENTS, REG_DATE, SUB_CODE) VALUES ('010502C010', 1, '네트워크 관련 신기술', '내용 없음', SYSDATE, '0105C02');
INSERT INTO STUDY_CONTENTS (CODE, IMPORTANCE, TITLE, CONTENTS, REG_DATE, SUB_CODE) VALUES ('010502C020', 1, '네트워크 구축', '내용 없음', SYSDATE, '0105C02');
INSERT INTO STUDY_CONTENTS (CODE, IMPORTANCE, TITLE, CONTENTS, REG_DATE, SUB_CODE) VALUES ('010502C030', 2, '스위치', '내용 없음', SYSDATE, '0105C02');
INSERT INTO STUDY_CONTENTS (CODE, IMPORTANCE, TITLE, CONTENTS, REG_DATE, SUB_CODE) VALUES ('010502C040', 2, '경로제어 / 트래픽 제어', '내용 없음', SYSDATE, '0105C02');
INSERT INTO STUDY_CONTENTS (CODE, IMPORTANCE, TITLE, CONTENTS, REG_DATE, SUB_CODE) VALUES ('010502C050', 1, 'SW 관련 신기술', '내용 없음', SYSDATE, '0105C02');
INSERT INTO STUDY_CONTENTS (CODE, IMPORTANCE, TITLE, CONTENTS, REG_DATE, SUB_CODE) VALUES ('010502C060', 3, '소프트웨어 개발 보안', '내용 없음', SYSDATE, '0105C02');
INSERT INTO STUDY_CONTENTS (CODE, IMPORTANCE, TITLE, CONTENTS, REG_DATE, SUB_CODE) VALUES ('010502C070', 2, '소프트웨어 개발 직무별 보안 활동', '내용 없음', SYSDATE, '0105C02');
INSERT INTO STUDY_CONTENTS (CODE, IMPORTANCE, TITLE, CONTENTS, REG_DATE, SUB_CODE) VALUES ('010502C080', 3, '소프트웨어 개발 보안 활동 관련 법령 및 규정', '내용 없음', SYSDATE, '0105C02');
INSERT INTO STUDY_CONTENTS (CODE, IMPORTANCE, TITLE, CONTENTS, REG_DATE, SUB_CODE) VALUES ('010502C090', 1, 'HW 관련 신기술', '내용 없음', SYSDATE, '0105C02');
INSERT INTO STUDY_CONTENTS (CODE, IMPORTANCE, TITLE, CONTENTS, REG_DATE, SUB_CODE) VALUES ('010502C100', 2, 'Secure OS', '내용 없음', SYSDATE, '0105C02');
INSERT INTO STUDY_CONTENTS (CODE, IMPORTANCE, TITLE, CONTENTS, REG_DATE, SUB_CODE) VALUES ('010502C110', 1, 'DB 관련 신기술', '내용 없음', SYSDATE, '0105C02');
INSERT INTO STUDY_CONTENTS (CODE, IMPORTANCE, TITLE, CONTENTS, REG_DATE, SUB_CODE) VALUES ('010502C120', 2, '회복 / 병행제어', '내용 없음', SYSDATE, '0105C02');
INSERT INTO STUDY_CONTENTS (CODE, IMPORTANCE, TITLE, CONTENTS, REG_DATE, SUB_CODE) VALUES ('010502C130', 1, '데이터 표준화', '내용 없음', SYSDATE, '0105C02');

INSERT INTO STUDY_CONTENTS (CODE, IMPORTANCE, TITLE, CONTENTS, REG_DATE, SUB_CODE) VALUES ('010503C010', 1, 'Secure SDLC', '내용 없음', SYSDATE, '0105C03');
INSERT INTO STUDY_CONTENTS (CODE, IMPORTANCE, TITLE, CONTENTS, REG_DATE, SUB_CODE) VALUES ('010503C020', 2, '세션 통제', '내용 없음', SYSDATE, '0105C03');
INSERT INTO STUDY_CONTENTS (CODE, IMPORTANCE, TITLE, CONTENTS, REG_DATE, SUB_CODE) VALUES ('010503C030', 2, '입력 데이터 검증 및 표현', '내용 없음', SYSDATE, '0105C03');
INSERT INTO STUDY_CONTENTS (CODE, IMPORTANCE, TITLE, CONTENTS, REG_DATE, SUB_CODE) VALUES ('010503C040', 2, '보안 기능', '내용 없음', SYSDATE, '0105C03');
INSERT INTO STUDY_CONTENTS (CODE, IMPORTANCE, TITLE, CONTENTS, REG_DATE, SUB_CODE) VALUES ('010503C050', 3, '시간 및 상태', '내용 없음', SYSDATE, '0105C03');
INSERT INTO STUDY_CONTENTS (CODE, IMPORTANCE, TITLE, CONTENTS, REG_DATE, SUB_CODE) VALUES ('010503C060', 2, '에러처리', '내용 없음', SYSDATE, '0105C03');
INSERT INTO STUDY_CONTENTS (CODE, IMPORTANCE, TITLE, CONTENTS, REG_DATE, SUB_CODE) VALUES ('010503C070', 2, '코드 오류', '내용 없음', SYSDATE, '0105C03');
INSERT INTO STUDY_CONTENTS (CODE, IMPORTANCE, TITLE, CONTENTS, REG_DATE, SUB_CODE) VALUES ('010503C080', 3, '캡슐화', '내용 없음', SYSDATE, '0105C03');
INSERT INTO STUDY_CONTENTS (CODE, IMPORTANCE, TITLE, CONTENTS, REG_DATE, SUB_CODE) VALUES ('010503C090', 3, 'API 오용', '내용 없음', SYSDATE, '0105C03');
INSERT INTO STUDY_CONTENTS (CODE, IMPORTANCE, TITLE, CONTENTS, REG_DATE, SUB_CODE) VALUES ('010503C100', 1, '암호 알고리즘', '내용 없음', SYSDATE, '0105C03');

INSERT INTO STUDY_CONTENTS (CODE, IMPORTANCE, TITLE, CONTENTS, REG_DATE, SUB_CODE) VALUES ('010504C010', 1, '서비스 공격 유형', '내용 없음', SYSDATE, '0105C04');
INSERT INTO STUDY_CONTENTS (CODE, IMPORTANCE, TITLE, CONTENTS, REG_DATE, SUB_CODE) VALUES ('010504C020', 2, '서버 인증', '내용 없음', SYSDATE, '0105C04');
INSERT INTO STUDY_CONTENTS (CODE, IMPORTANCE, TITLE, CONTENTS, REG_DATE, SUB_CODE) VALUES ('010504C030', 3, '보안 아키텍처 / 보안 프레임워크', '내용 없음', SYSDATE, '0105C04');
INSERT INTO STUDY_CONTENTS (CODE, IMPORTANCE, TITLE, CONTENTS, REG_DATE, SUB_CODE) VALUES ('010504C040', 3, '로그 분석', '내용 없음', SYSDATE, '0105C04');
INSERT INTO STUDY_CONTENTS (CODE, IMPORTANCE, TITLE, CONTENTS, REG_DATE, SUB_CODE) VALUES ('010504C050', 1, '보안 솔루션', '내용 없음', SYSDATE, '0105C04');
INSERT INTO STUDY_CONTENTS (CODE, IMPORTANCE, TITLE, CONTENTS, REG_DATE, SUB_CODE) VALUES ('010504C060', 3, '취약점 분석.평가', '내용 없음', SYSDATE, '0105C04');


-- 정보처리기사 실기 학습 컨텐츠
INSERT INTO STUDY_CONTENTS (CODE, IMPORTANCE, TITLE, CONTENTS, REG_DATE, SUB_CODE) VALUES ('020101C001', 1, '데이터 타입 크기 및 기억범위', '데이터 타입 크기 및 기억범위 내용무', SYSDATE, '0201C01');
INSERT INTO STUDY_CONTENTS (CODE, IMPORTANCE, TITLE, CONTENTS, REG_DATE, SUB_CODE) VALUES ('020102C001', 1, '변수의 개요 와 변수명 작성 규칙', '변수의 개요 와 변수명 작성 규칙 내용무', SYSDATE, '0201C02');
INSERT INTO STUDY_CONTENTS (CODE, IMPORTANCE, TITLE, CONTENTS, REG_DATE, SUB_CODE) VALUES ('020103C001', 1, 'scanf()함수와 서식 문자열', 'scanf()함수와 서식 문자열 내용무', SYSDATE, '0201C03');


--  M_QUESTION & M_ANSWER Sample

-- 정보처리기사 필기 개관식 문제

INSERT INTO M_QUESTION (CODE, QUESTION, STU_CODE) VALUES('010101001C001', '소프트웨어 생명 주기 모형 중 폭포수 모형에 대한 설명으로 옳지 않은 것은?', '010101C001');
    INSERT INTO M_ANSWER (CODE, Q_CODE, ANSWER, CORRECT) VALUES(1, '010101001C001', '적용 사례가 많다', 'X');
    INSERT INTO M_ANSWER (CODE, Q_CODE, ANSWER, CORRECT) VALUES(2, '010101001C001', '단계별 정의가 분명하다', 'X');
    INSERT INTO M_ANSWER (CODE, Q_CODE, ANSWER, CORRECT) VALUES(3, '010101001C001', '단계별 산출물이 명확하다', 'X');
    INSERT INTO M_ANSWER (CODE, Q_CODE, ANSWER, CORRECT) VALUES(4, '010101001C001', '요구사항의 변경이 용이하다', 'O');

INSERT INTO M_QUESTION (CODE, QUESTION, STU_CODE) VALUES('010101001C002', '나선형 모형에 대한 설명으로 옳지 않은 것은?', '010101C001');
    INSERT INTO M_ANSWER (CODE, Q_CODE, ANSWER, CORRECT) VALUES(1, '010101001C002', '여러 번의 개발 과정을 거쳐 점진적으로 완벽한 소프트웨어를 개발한다.', 'X');
    INSERT INTO M_ANSWER (CODE, Q_CODE, ANSWER, CORRECT) VALUES(2, '010101001C002', '대규모 시스템의 소프트웨어 개발에 적합하다.', 'X');
    INSERT INTO M_ANSWER (CODE, Q_CODE, ANSWER, CORRECT) VALUES(3, '010101001C002', '위험성 평가에 크게 의존하기 때문에 이를 발견하지 않으면 문제가 발생할 수 있다.', 'X');
    INSERT INTO M_ANSWER (CODE, Q_CODE, ANSWER, CORRECT) VALUES(4, '010101001C002', '실제 개발된 소프트웨어에 대한 시제품을 만들어 최종 결과물을 예측하는 모형이다.', 'O');

INSERT INTO M_QUESTION (CODE, QUESTION, STU_CODE) VALUES('010101001C003', '다음 중 애자일 프로세스 모델이 아닌 것은?', '010101C001');
    INSERT INTO M_ANSWER (CODE, Q_CODE, ANSWER, CORRECT) VALUES(1, '010101001C003', 'XP(eXtrem Programming)', 'X');
    INSERT INTO M_ANSWER (CODE, Q_CODE, ANSWER, CORRECT) VALUES(2, '010101001C003', 'ASD(Adaptive Software Development)', 'X');
    INSERT INTO M_ANSWER (CODE, Q_CODE, ANSWER, CORRECT) VALUES(3, '010101001C003', '스크럼(Scrum)', 'X');
    INSERT INTO M_ANSWER (CODE, Q_CODE, ANSWER, CORRECT) VALUES(4, '010101001C003', 'SM(Spiral Model)', 'O');

INSERT INTO M_QUESTION (CODE, QUESTION, STU_CODE) VALUES('010101001C004', '애자일(Agile) 선언문에 대한 설명으로 옳지 않은 것은?', '010101C001');
    INSERT INTO M_ANSWER (CODE, Q_CODE, ANSWER, CORRECT) VALUES(1, '010101001C004', '고객과의 협력보다는 계약 협상에 더 가치를 둔다.', 'O');
    INSERT INTO M_ANSWER (CODE, Q_CODE, ANSWER, CORRECT) VALUES(2, '010101001C004', '계획에 따르기보다는 변화에 대응하는 것에 더 가치를 둔다.', 'X');
    INSERT INTO M_ANSWER (CODE, Q_CODE, ANSWER, CORRECT) VALUES(3, '010101001C004', '방대한 문서보다 제대로 실행되는 소프트웨어에 더 가치를 둔다.', 'X');
    INSERT INTO M_ANSWER (CODE, Q_CODE, ANSWER, CORRECT) VALUES(4, '010101001C004', '프로세서와 도구보다 개인과 그들의 협업에 더 가치를 둔다.', 'X');

INSERT INTO M_QUESTION (CODE, QUESTION, STU_CODE) VALUES('010101001C005', '소프트웨어 공학에서 가장 폭 넓게 사용되고 있는 모형은?', '010101C001');
    INSERT INTO M_ANSWER (CODE, Q_CODE, ANSWER, CORRECT) VALUES(1, '010101001C005', '폭포수 모형(Waterfall Model)', 'O');
    INSERT INTO M_ANSWER (CODE, Q_CODE, ANSWER, CORRECT) VALUES(2, '010101001C005', '프로토타입 모형(Prototype Model)', 'X');
    INSERT INTO M_ANSWER (CODE, Q_CODE, ANSWER, CORRECT) VALUES(3, '010101001C005', '나선형 모형(Spiral Model, 점증적 모형)', 'X');
    INSERT INTO M_ANSWER (CODE, Q_CODE, ANSWER, CORRECT) VALUES(4, '010101001C005', '4세대 기법(4GT)', 'X');

INSERT INTO M_QUESTION (CODE, QUESTION, STU_CODE) VALUES('010101001C006', '여러 번의 개발 과정을 거쳐 완벽한 최종 소프트웨어를 개발하는 점진적 모형으로 보헴이 제안한 소프트웨어 생명주기 모델은?', '010101C001');
    INSERT INTO M_ANSWER (CODE, Q_CODE, ANSWER, CORRECT) VALUES(1, '010101001C006', '4GT Model', 'X');
    INSERT INTO M_ANSWER (CODE, Q_CODE, ANSWER, CORRECT) VALUES(2, '010101001C006', 'Spiral Model', 'O');
    INSERT INTO M_ANSWER (CODE, Q_CODE, ANSWER, CORRECT) VALUES(3, '010101001C006', 'Waterfall Model', 'X');
    INSERT INTO M_ANSWER (CODE, Q_CODE, ANSWER, CORRECT) VALUES(4, '010101001C006', 'Prototype Model', 'X');

INSERT INTO M_QUESTION (CODE, QUESTION, STU_CODE) VALUES('010101001C007', '프로토타입 모델 개발 방법이 가장 적절하게 적용될 수 있는 경우는?', '010101C001');
    INSERT INTO M_ANSWER (CODE, Q_CODE, ANSWER, CORRECT) VALUES(1, '010101001C007', '테스트 작업이 중요하지 않을 경우', 'X');
    INSERT INTO M_ANSWER (CODE, Q_CODE, ANSWER, CORRECT) VALUES(2, '010101001C007', '고객이 빠른 시간 내에 개발의 완료를 요구할 경우', 'X');
    INSERT INTO M_ANSWER (CODE, Q_CODE, ANSWER, CORRECT) VALUES(3, '010101001C007', '구축하고자 하는 시스템의 요구사항이 불명확한 경우', 'O');
    INSERT INTO M_ANSWER (CODE, Q_CODE, ANSWER, CORRECT) VALUES(4, '010101001C007', '고객이 개발 과정에는 참여하지 않고자 하는 경우', 'X');



INSERT INTO M_QUESTION (CODE, QUESTION, STU_CODE) VALUES('010101010C001', 
'다음이 설명하는 프로세스 모델은 무엇인가?<br><ul><li>팀원들이 스스로 팀을 구성하며, 개발 작업의 모든 것을 스스로 해결 할 수 있어야 한다.</li><li>개발에 필요한 요구사항에 우선순위를 부여한 제품기능 목록(Product  Backlog)을 작성한다.</li><li>개발 주기를 의미하는 스프린트는 2~4주 정도으 ㅣ기간으로 진행한다.</li><li>스프린트 회고(Retrospective)를 통해 스프린트 동안 발생한 문제점을 파악하고 이에 대한 해결 방안을 모색한다.</li></ul>', '010101C010');
    INSERT INTO M_ANSWER (CODE, Q_CODE, ANSWER, CORRECT) VALUES(1, '010101010C001', '익스트림 프로그래밍(XP)', 'X');
    INSERT INTO M_ANSWER (CODE, Q_CODE, ANSWER, CORRECT) VALUES(2, '010101010C001', '크리스털(Crystal)', 'X');
    INSERT INTO M_ANSWER (CODE, Q_CODE, ANSWER, CORRECT) VALUES(3, '010101010C001', '칸반(Kanban)', 'X');
    INSERT INTO M_ANSWER (CODE, Q_CODE, ANSWER, CORRECT) VALUES(4, '010101010C001', '스크럼(Scrum)', 'O');

INSERT INTO M_QUESTION (CODE, QUESTION, STU_CODE) VALUES('010101010C002', '스크럼의 팀 구성 요소 중 이해 관계자들의 의견을 종합하여 백로그(Backlog)를 작성하는 주체는 누구인가?', '010101C010');
    INSERT INTO M_ANSWER (CODE, Q_CODE, ANSWER, CORRECT) VALUES(1, '010101010C002', '스크럼 마스터(SM)', 'X');
    INSERT INTO M_ANSWER (CODE, Q_CODE, ANSWER, CORRECT) VALUES(2, '010101010C002', '제품 책임자(PO)', 'O');
    INSERT INTO M_ANSWER (CODE, Q_CODE, ANSWER, CORRECT) VALUES(3, '010101010C002', '고객(Customer)', 'X');
    INSERT INTO M_ANSWER (CODE, Q_CODE, ANSWER, CORRECT) VALUES(4, '010101010C002', '개발팀(DT)', 'X');

INSERT INTO M_QUESTION (CODE, QUESTION, STU_CODE) VALUES('010101010C003', '다음 중 스크럼에 대한 설명으로 잘못된 것은?', '010101C010');
    INSERT INTO M_ANSWER (CODE, Q_CODE, ANSWER, CORRECT) VALUES(1, '010101010C003', '제품 개발에 필요한 모든 요구사항(User Story)을 우선순위에 따라 나열한 제품 백로그를 사용한다.', 'X');
    INSERT INTO M_ANSWER (CODE, Q_CODE, ANSWER, CORRECT) VALUES(2, '010101010C003', '소멸(Burn-down) 차트를 통해 작업의 진행 상황을 확인 할 수 있다.', 'X');
    INSERT INTO M_ANSWER (CODE, Q_CODE, ANSWER, CORRECT) VALUES(3, '010101010C003', '스프린트 검토 회의에서 개선할 사항에 대한 피드백이 정리되면 스크럼 마스터는 이를 다음 스프린트에 반영 할 수 있도록 제품 백로그를 업데이트 한다. ', 'O');
    INSERT INTO M_ANSWER (CODE, Q_CODE, ANSWER, CORRECT) VALUES(4, '010101010C003', '스프린트 동안 진행될 작업들을 개발자별로 할당할 때는 개발자들이 자신에게 맞는 작업을 스스로 선별하여 담당할 수 있도록 하는 것이 좋다.', 'X');

INSERT INTO M_QUESTION (CODE, QUESTION, STU_CODE) VALUES('010101020C001', '익스트림 프로그래밍 테스팅에 대한 설명으로 옳지 않은 것은?', '010101C020');
    INSERT INTO M_ANSWER (CODE, Q_CODE, ANSWER, CORRECT) VALUES(1, '010101020C001', '테스트는 최종 완제품을 고객에게 전달하기 바로 전에 수행한다.', 'O');
    INSERT INTO M_ANSWER (CODE, Q_CODE, ANSWER, CORRECT) VALUES(2, '010101020C001', '각 사용자 스토리에 대해 테스트 케이스를 작성한다.', 'X');
    INSERT INTO M_ANSWER (CODE, Q_CODE, ANSWER, CORRECT) VALUES(3, '010101020C001', '실제 코드를 작성하기 전에 테스트 케이스를 우선 작성한다.', 'X');
    INSERT INTO M_ANSWER (CODE, Q_CODE, ANSWER, CORRECT) VALUES(4, '010101020C001', '자동화된 테스팅 도구 사용을 권장한다.', 'X');

INSERT INTO M_QUESTION (CODE, QUESTION, STU_CODE) VALUES('010101020C002', '다음 중 익스트림 프로그래밍(XP)에 대한 설명으로 옳지 않은 것은?', '010101C020');
    INSERT INTO M_ANSWER (CODE, Q_CODE, ANSWER, CORRECT) VALUES(1, '010101020C002', '테스트 이후 새로운 요구사항이 작성되거나 요구사항의 상대적 우선순위가 변경 될 수 있다.', 'X');
    INSERT INTO M_ANSWER (CODE, Q_CODE, ANSWER, CORRECT) VALUES(2, '010101020C002', '고객의 요구사항에 좀 더 유연하게 대응할 수 있도록 릴리즈 규모를 크게 한다.', 'O');
    INSERT INTO M_ANSWER (CODE, Q_CODE, ANSWER, CORRECT) VALUES(3, '010101020C002', '하나의 릴리즈를 더 세분화 한 단위를 이터레이션(Iteration)이라고 한다.', 'X');
    INSERT INTO M_ANSWER (CODE, Q_CODE, ANSWER, CORRECT) VALUES(4, '010101020C002', '모든 개발자들이 전체 코드에 대한 공동 책임을 가지며, 개발자 누구든지 어떤 코드라도 변경할 수 있다.', 'X');

INSERT INTO M_QUESTION (CODE, QUESTION, STU_CODE) VALUES('010101020C003', '애자일 방법 중에 제일 많이 알려진 것이 익스트림 프로그래밍(eXtreme Programming : XP)인데, 다음 중 XP와 가장 연관성이 적은 것은?', '010101C020');
    INSERT INTO M_ANSWER (CODE, Q_CODE, ANSWER, CORRECT) VALUES(1, '010101020C003', 'Whole Team', 'X');
    INSERT INTO M_ANSWER (CODE, Q_CODE, ANSWER, CORRECT) VALUES(2, '010101020C003', 'Large Releases', 'O');
    INSERT INTO M_ANSWER (CODE, Q_CODE, ANSWER, CORRECT) VALUES(3, '010101020C003', 'Pair Programming', 'X');
    INSERT INTO M_ANSWER (CODE, Q_CODE, ANSWER, CORRECT) VALUES(4, '010101020C003', 'Continuous Integration', 'X');

INSERT INTO M_QUESTION (CODE, QUESTION, STU_CODE) VALUES('010101020C004', '익스트림 프로그래밍(XP)의 5가지 핵심 가치에 속하지 않는 것은?', '010101C020');
    INSERT INTO M_ANSWER (CODE, Q_CODE, ANSWER, CORRECT) VALUES(1, '010101020C004', '의사소통(Communication)', 'X');
    INSERT INTO M_ANSWER (CODE, Q_CODE, ANSWER, CORRECT) VALUES(2, '010101020C004', '단순성(Simplicity)', 'X');
    INSERT INTO M_ANSWER (CODE, Q_CODE, ANSWER, CORRECT) VALUES(3, '010101020C004', '용기(Courage)', 'X');
    INSERT INTO M_ANSWER (CODE, Q_CODE, ANSWER, CORRECT) VALUES(4, '010101020C004', '효율성(Efficiency)', 'O');

INSERT INTO M_QUESTION (CODE, QUESTION, STU_CODE) VALUES('010101020C005', '다음에 제시된 XP(eXtreme Programming)의 개발 프로세스를 순서에 맞게 나열한 것은? <br><br> ㄱ. 주기(Interation) <br> ㄴ. 승인검사(Acceptance Test) <br> ㄷ. 릴리즈 계획 수립 <br> ㄹ . 소규모 릴리즈', '010101C020');
    INSERT INTO M_ANSWER (CODE, Q_CODE, ANSWER, CORRECT) VALUES(1, '010101020C005', 'ㄱ - ㄴ - ㄷ - ㄹ', 'X');
    INSERT INTO M_ANSWER (CODE, Q_CODE, ANSWER, CORRECT) VALUES(2, '010101020C005', 'ㄴ - ㄷ - ㄹ - ㄱ', 'X');
    INSERT INTO M_ANSWER (CODE, Q_CODE, ANSWER, CORRECT) VALUES(3, '010101020C005', 'ㄷ - ㄴ - ㄱ - ㄹ', 'X');
    INSERT INTO M_ANSWER (CODE, Q_CODE, ANSWER, CORRECT) VALUES(4, '010101020C005', 'ㄷ - ㄱ - ㄴ - ㄹ', 'O');


INSERT INTO M_QUESTION (CODE, QUESTION, STU_CODE) VALUES('010101030C001', '다음 중 현행 시스템 파악 과정에 대한 설명으로 잘못된 것은?', '010101C030');
    INSERT INTO M_ANSWER (CODE, Q_CODE, ANSWER, CORRECT) VALUES(1, '010101030C001', '시스템 구성은 조직의 주요 업무를 담당하는 기간 엄무와 이를 지원하는 지원 업무로 구분하여 기술한다.', 'X');
    INSERT INTO M_ANSWER (CODE, Q_CODE, ANSWER, CORRECT) VALUES(2, '010101030C001', '소프트웨어 구성을 파악할 때 상용 소프트웨어의 경우 라이선스 적용 방식의 기준과 보유한 라이선스의 파악이 중요하다.', 'X');
    INSERT INTO M_ANSWER (CODE, Q_CODE, ANSWER, CORRECT) VALUES(3, '010101030C001', '아키텍처 구성을 파악할 때는 단위 업무 시스템 간에 주고받는 데이터의 종류, 형식, 프로토콜, 연계 유형, 주기 등을 명시한다.', 'O');
    INSERT INTO M_ANSWER (CODE, Q_CODE, ANSWER, CORRECT) VALUES(4, '010101030C001', '네트워크 구성을 파악하면 서버들의 물리적인 위치 관계를 파악할 수 있고 보안 취약성을 분석하여 이에 대한 적절한 대응을 할 수 있다.', 'X');


INSERT INTO M_QUESTION (CODE, QUESTION, STU_CODE) VALUES('010101030C002', '다음 중 현행 시스템 파악 과정에 속하지 않는 것은?', '010101C030');
    INSERT INTO M_ANSWER (CODE, Q_CODE, ANSWER, CORRECT) VALUES(1, '010101030C002', '시스템 구성 파악', 'X');
    INSERT INTO M_ANSWER (CODE, Q_CODE, ANSWER, CORRECT) VALUES(2, '010101030C002', '시스템 인터페이스 파악', 'X');
    INSERT INTO M_ANSWER (CODE, Q_CODE, ANSWER, CORRECT) VALUES(3, '010101030C002', '네트워크 구성 파악', 'X');
    INSERT INTO M_ANSWER (CODE, Q_CODE, ANSWER, CORRECT) VALUES(4, '010101030C002', '업무에 따른 사무실 배치 파악', 'O');

INSERT INTO M_QUESTION (CODE, QUESTION, STU_CODE) VALUES('010101040C001', '운영체제에 대한 설명으로 잘못된 것은?', '010101C040');
    INSERT INTO M_ANSWER (CODE, Q_CODE, ANSWER, CORRECT) VALUES(1, '010101040C001', '사용자가 컴퓨터를 편리하고 효과적으로 사용할 수 있도록 환경을 제공한다.', 'X');
    INSERT INTO M_ANSWER (CODE, Q_CODE, ANSWER, CORRECT) VALUES(2, '010101040C001', '컴퓨터 사용자와 컴퓨터 하드웨어 간의 인터페이스로서 동작하는 일종의 하드웨어 장치이다.', 'O');
    INSERT INTO M_ANSWER (CODE, Q_CODE, ANSWER, CORRECT) VALUES(3, '010101040C001', '다른 응용프로그램이 유용한 작업을 할 수 있도록 환경을 제공한다.', 'X');
    INSERT INTO M_ANSWER (CODE, Q_CODE, ANSWER, CORRECT) VALUES(4, '010101040C001', '종류에는 Windows, UNIX, Linux, iOS 등이 있다.', 'X');


INSERT INTO M_QUESTION (CODE, QUESTION, STU_CODE) VALUES('010101040C002', '요구사항 식별 시 고려사항 중 가용성과 관련된 내용이 아닌 것은?', '010101C040');
    INSERT INTO M_ANSWER (CODE, Q_CODE, ANSWER, CORRECT) VALUES(1, '010101040C002', '시스템의 장시간 운영으로 인해 발생할 수 있는 고유의 장애 발생 가능성', 'X');
    INSERT INTO M_ANSWER (CODE, Q_CODE, ANSWER, CORRECT) VALUES(2, '010101040C002', 'DBMS의 결함 등으로 인한 패치 설치를 위한 재가동', 'X');
    INSERT INTO M_ANSWER (CODE, Q_CODE, ANSWER, CORRECT) VALUES(3, '010101040C002', 'WAS 이중화 지원', 'X');
    INSERT INTO M_ANSWER (CODE, Q_CODE, ANSWER, CORRECT) VALUES(4, '010101040C002', '설치할 응용 프로그램의 라이선스 정책 및 비용', 'O');

INSERT INTO M_QUESTION (CODE, QUESTION, STU_CODE) VALUES('010101040C003', '다음 중 데이터베이스 관리 시스템(DBMS)이 아닌 것은?', '010101C040');
    INSERT INTO M_ANSWER (CODE, Q_CODE, ANSWER, CORRECT) VALUES(1, '010101040C003', 'Oracle', 'X');
    INSERT INTO M_ANSWER (CODE, Q_CODE, ANSWER, CORRECT) VALUES(2, '010101040C003', 'MySQL', 'X');
    INSERT INTO M_ANSWER (CODE, Q_CODE, ANSWER, CORRECT) VALUES(3, '010101040C003', 'Microsoft SQL Server', 'X');
    INSERT INTO M_ANSWER (CODE, Q_CODE, ANSWER, CORRECT) VALUES(4, '010101040C003', 'Android', 'O');


---------------------------------------------------- 추가 샘플 ------------------------------------------------------
---------------------------------------------------- 미완성 ------------------------------------------------------

INSERT INTO M_QUESTION (CODE, QUESTION, STU_CODE) VALUES('010101040C00', '', '010101C040');
    INSERT INTO M_ANSWER (CODE, Q_CODE, ANSWER, CORRECT) VALUES(1, '010101040C00', '', 'X');
    INSERT INTO M_ANSWER (CODE, Q_CODE, ANSWER, CORRECT) VALUES(2, '010101040C00', '', 'X');
    INSERT INTO M_ANSWER (CODE, Q_CODE, ANSWER, CORRECT) VALUES(3, '010101040C00', '', 'X');
    INSERT INTO M_ANSWER (CODE, Q_CODE, ANSWER, CORRECT) VALUES(4, '010101040C00', '', 'X');


INSERT INTO S_QUESTION (CODE, QUESTION, ANSWER, STU_CODE) VALUES('010101001C001', '폭포에서 한번 떨어진 물은 거슬러 올라갈 수 없듯이 소프트웨어 개발도 이전 단꼐로 돌아갈 수 없다는 전제하에 각 단계를 확실히 매듭짓고 그 결과를 철저하게 검토하여 승인 과정을 거친 후에 다음 단계를 진행하는 개발 방법론은 무엇 인가?','폭포수 모형', '010101C001');
INSERT INTO S_QUESTION (CODE, QUESTION, ANSWER, STU_CODE) VALUES('010101001C002', '사용자의 요구사항을 정확히 파악하기 위해 실제 개발될 소프트웨어에 대한 견본(시제)품(Prototype)을 만들어 최종 결과물을 예측하는 모형은 무엇인가?','프로토타입 모형', '010101C001');



COMMIT;