-- MEMBER Sample
INSERT INTO MEMBER (ID, EMAIL, PASSWORD) VALUES ('tp1130', 'thinpig1130@gmail.com', 'qwer1234!!');
INSERT INTO MEMBER (ID, EMAIL, PASSWORD) VALUES ('cjscn', 'ifsayde@gmail.com', '8477');
INSERT INTO MEMBER (ID, EMAIL, PASSWORD) VALUES ('hardstu', 'hardStu0@naver.com', '11112222!');
INSERT INTO MEMBER (ID, EMAIL, PASSWORD) VALUES ('orangegogo', 'orange37@hanmail.net', '100100100');

-- COURSE Sample
INSERT INTO COURSE (CODE, NAME)	VALUES ('C01', '정보처리기사 필기');
INSERT INTO COURSE (CODE, NAME)	VALUES ('C02', '정보처리기사 실기');

-- CATEGORY Sample 
INSERT INTO CATEGORY (CODE, NAME, CO_CODE) VALUES ('01C01', '소프트웨어 설계', 'C01');
INSERT INTO CATEGORY (CODE, NAME, CO_CODE) VALUES ('01C02', '소프트웨어 개발', 'C01');
INSERT INTO CATEGORY (CODE, NAME, CO_CODE) VALUES ('01C03', '데이터베이스 구축', 'C01');
INSERT INTO CATEGORY (CODE, NAME, CO_CODE) VALUES ('01C04', '프로그래밍 언어 활용', 'C01');
INSERT INTO CATEGORY (CODE, NAME, CO_CODE) VALUES ('01C05', '정보시스템 구축 관리', 'C01');

INSERT INTO CATEGORY (CODE, NAME, CO_CODE) VALUES ('02C01', '프로그래밍 언어 활용', 'C02');

-- MEMBER Sample
INSERT INTO SUB_CATEGORY (CODE, NAME, CA_CODE) VALUES ('0101C01', '요구사항 확인', '01C01');
INSERT INTO SUB_CATEGORY (CODE, NAME, CA_CODE) VALUES ('0101C02', '화면 설계', '01C01');
INSERT INTO SUB_CATEGORY (CODE, NAME, CA_CODE) VALUES ('0101C03', '애플리케이션 설계', '01C01');
INSERT INTO SUB_CATEGORY (CODE, NAME, CA_CODE) VALUES ('0101C04', '인터페이스 설계', '01C01');
INSERT INTO SUB_CATEGORY (CODE, NAME, CA_CODE) VALUES ('0102C01', '데이터 입.출력 구현', '01C02');
INSERT INTO SUB_CATEGORY (CODE, NAME, CA_CODE) VALUES ('0102C02', '통합 구현', '01C02');
INSERT INTO SUB_CATEGORY (CODE, NAME, CA_CODE) VALUES ('0102C03', '제품 소프트웨어 패키징', '01C02');
INSERT INTO SUB_CATEGORY (CODE, NAME, CA_CODE) VALUES ('0102C04', '애플리케이션 테스트 관리', '01C02');
INSERT INTO SUB_CATEGORY (CODE, NAME, CA_CODE) VALUES ('0102C05', '인터페이스 구현', '01C02');

INSERT INTO SUB_CATEGORY (CODE, NAME, CA_CODE) VALUES ('0105C01', '소프트웨어 개발 방법론 활용', '01C05');
INSERT INTO SUB_CATEGORY (CODE, NAME, CA_CODE) VALUES ('0201C01', '데이터 타입', '02C01');


-- STUDY_CONTENTS Sample
INSERT INTO STUDY_CONTENTS (CODE, IMPORTANCE, TITLE, CONTENTS, REG_DATE, SUB_CODE) VALUES ('010101C001', 1, '소프트웨어 생명 주기', '소프트웨어 생명 주기 내용무', SYSDATE, '0101C01');
INSERT INTO STUDY_CONTENTS (CODE, IMPORTANCE, TITLE, CONTENTS, REG_DATE, SUB_CODE) VALUES ('010101C002', 1, '스크럼(Scrum) 기법', '스크럼(Scrum) 기법 내용무', SYSDATE, '0101C01');
INSERT INTO STUDY_CONTENTS (CODE, IMPORTANCE, TITLE, CONTENTS, REG_DATE, SUB_CODE) VALUES ('010101C003', 1, 'XP(eXtreme Programming) 기법', 'XP(eXtreme Programming) 기법 내용무', SYSDATE, '0101C01');
INSERT INTO STUDY_CONTENTS (CODE, IMPORTANCE, TITLE, CONTENTS, REG_DATE, SUB_CODE) VALUES ('010101C004', 3, '현행 시스템 파악', '현행 시스템 파악 내용무', SYSDATE, '0101C01');
INSERT INTO STUDY_CONTENTS (CODE, IMPORTANCE, TITLE, CONTENTS, REG_DATE, SUB_CODE) VALUES ('010101C005', 3, '개발 기술 환경 파악', '개발 기술 환경 파악 내용무', SYSDATE, '0101C01');
INSERT INTO STUDY_CONTENTS (CODE, IMPORTANCE, TITLE, CONTENTS, REG_DATE, SUB_CODE) VALUES ('010101C006', 2, '요구사항 정의', '요구사항 정의 내용무', SYSDATE, '0101C01');
INSERT INTO STUDY_CONTENTS (CODE, IMPORTANCE, TITLE, CONTENTS, REG_DATE, SUB_CODE) VALUES ('010101C007', 3, '요구사항 분석 기법', '요구사항 분석 기법 내용무', SYSDATE, '0101C01');
INSERT INTO STUDY_CONTENTS (CODE, IMPORTANCE, TITLE, CONTENTS, REG_DATE, SUB_CODE) VALUES ('010101C008', 3, '요구사항 확인 기법', '요구사항 확인 기법 내용무', SYSDATE, '0101C01');
INSERT INTO STUDY_CONTENTS (CODE, IMPORTANCE, TITLE, CONTENTS, REG_DATE, SUB_CODE) VALUES ('010101C009', 1, 'UML(Unified Modeling Language)', 'UML(Unified Modeling Language) 내용무', SYSDATE, '0101C01');

INSERT INTO STUDY_CONTENTS (CODE, IMPORTANCE, TITLE, CONTENTS, REG_DATE, SUB_CODE) VALUES ('010102C001', 1, '사용자 인터페이스', '사용자 인터페이스 내용무', SYSDATE, '0101C02');
INSERT INTO STUDY_CONTENTS (CODE, IMPORTANCE, TITLE, CONTENTS, REG_DATE, SUB_CODE) VALUES ('010102C002', 2, 'UI 표준 및 지침', 'UI 표준 및 지침 내용무', SYSDATE, '0101C02');
INSERT INTO STUDY_CONTENTS (CODE, IMPORTANCE, TITLE, CONTENTS, REG_DATE, SUB_CODE) VALUES ('010102C003', 1, 'UI 설계 도구', 'UI 설계 도구 내용무', SYSDATE, '0101C02');
INSERT INTO STUDY_CONTENTS (CODE, IMPORTANCE, TITLE, CONTENTS, REG_DATE, SUB_CODE) VALUES ('010102C004', 2, 'UI 요구사항 확인', 'UI 요구사항 확인 내용무', SYSDATE, '0101C02');
INSERT INTO STUDY_CONTENTS (CODE, IMPORTANCE, TITLE, CONTENTS, REG_DATE, SUB_CODE) VALUES ('010102C005', 2, '품질 요구사항', '품질 요구사항 내용무', SYSDATE, '0101C02');
INSERT INTO STUDY_CONTENTS (CODE, IMPORTANCE, TITLE, CONTENTS, REG_DATE, SUB_CODE) VALUES ('010102C006', 1, 'UI 프로토타입 제작 및 검토', 'UI 프로토타입 제작 및 검토 내용무', SYSDATE, '0101C02');
INSERT INTO STUDY_CONTENTS (CODE, IMPORTANCE, TITLE, CONTENTS, REG_DATE, SUB_CODE) VALUES ('010102C007', 2, 'UI 설계서 작성', 'UI 설계서 작성 내용무', SYSDATE, '0101C02');
INSERT INTO STUDY_CONTENTS (CODE, IMPORTANCE, TITLE, CONTENTS, REG_DATE, SUB_CODE) VALUES ('010102C008', 3, '유용성 평가', '유용성 평가 내용무', SYSDATE, '0101C02');
INSERT INTO STUDY_CONTENTS (CODE, IMPORTANCE, TITLE, CONTENTS, REG_DATE, SUB_CODE) VALUES ('010102C009', 2, 'UI 상세 설계', 'UI 상세 설계 내용무', SYSDATE, '0101C02');
INSERT INTO STUDY_CONTENTS (CODE, IMPORTANCE, TITLE, CONTENTS, REG_DATE, SUB_CODE) VALUES ('010102C010', 3, 'HCI / UX / 감성공학', 'HCI / UX / 감성공학 내용무', SYSDATE, '0101C02');

INSERT INTO STUDY_CONTENTS (CODE, IMPORTANCE, TITLE, CONTENTS, REG_DATE, SUB_CODE) VALUES ('020101C001', 1, '데이터 타입 크기 및 기억범위', '데이터 타입 크기 및 기억범위 내용무', SYSDATE, '0201C01');

commit;