-- MEMBER Sample
INSERT INTO MEMBER (ID, EMAIL, PASSWORD) VALUES ('tp1130', 'thinpig1130@gmail.com', 'qwer1234!!');
INSERT INTO MEMBER (ID, EMAIL, PASSWORD) VALUES ('cjscn', 'ifsayde@gmail.com', '8477');
INSERT INTO MEMBER (ID, EMAIL, PASSWORD) VALUES ('hardstu', 'hardStu0@naver.com', '11112222!');
INSERT INTO MEMBER (ID, EMAIL, PASSWORD) VALUES ('orangegogo', 'orange37@hanmail.net', '100100100');

-- MANAGER Sample 
INSERT INTO MANAGER (ID, EMAIL) VALUES ('tp1130', 'thinpig1130@gmail.com');

-- COURSE Sample
INSERT INTO COURSE (CODE, NAME)	VALUES ('C01', '정보처리기사 필기');
INSERT INTO COURSE (CODE, NAME)	VALUES ('C02', '정보처리기사 실기');

-- CATEGORY Sample 
INSERT INTO CATEGORY (CODE, NAME, CO_CODE) VALUES ('01C01', '소프트웨어 설계', 'C01');
INSERT INTO CATEGORY (CODE, NAME, CO_CODE) VALUES ('01C02', '소프트웨어 개발', 'C01');
INSERT INTO CATEGORY (CODE, NAME, CO_CODE) VALUES ('01C03', '데이터베이스 구축', 'C01');
INSERT INTO CATEGORY (CODE, NAME, CO_CODE) VALUES ('01C04', '프로그래밍 언어 활용', 'C01');
INSERT INTO CATEGORY (CODE, NAME, CO_CODE) VALUES ('01C05', '정보시스템 구축 관리', 'C01');

INSERT INTO CATEGORY (CODE, NAME, CO_CODE) VALUES ('02C01', '프로그래밍 언어 활용', 'C02');
INSERT INTO CATEGORY (CODE, NAME, CO_CODE) VALUES ('02C02', '요구사항 확인', 'C02');
INSERT INTO CATEGORY (CODE, NAME, CO_CODE) VALUES ('02C03', '데이터 입.출력 구현', 'C02');
INSERT INTO CATEGORY (CODE, NAME, CO_CODE) VALUES ('02C04', '통합구현', 'C02');
INSERT INTO CATEGORY (CODE, NAME, CO_CODE) VALUES ('02C05', '서버 프로그램 구현', 'C02');

-- MEMBER Sample
INSERT INTO SUB_CATEGORY (CODE, NAME, CA_CODE) VALUES ('0101C01', '요구사항 확인', '01C01');
INSERT INTO SUB_CATEGORY (CODE, NAME, CA_CODE) VALUES ('0101C02', '화면 설계', '01C01');
INSERT INTO SUB_CATEGORY (CODE, NAME, CA_CODE) VALUES ('0101C03', '애플리케이션 설계', '01C01');
INSERT INTO SUB_CATEGORY (CODE, NAME, CA_CODE) VALUES ('0101C04', '인터페이스 설계', '01C01');
INSERT INTO SUB_CATEGORY (CODE, NAME, CA_CODE) VALUES ('0102C01', '데이터 입.출력 구현', '01C02');
INSERT INTO SUB_CATEGORY (CODE, NAME, CA_CODE) VALUES ('0102C02', '통합 구현', '01C02');
INSERT INTO SUB_CATEGORY (CODE, NAME, CA_CODE) VALUES ('0102C03', '제품 소프트웨어 패키징', '01C02');
INSERT INTO SUB_CATEGORY (CODE, NAME, CA_CODE) VALUES ('0102C04', '애플리케이션 테스트 관리', '01C02');
INSERT INTO SUB_CATEGORY (CODE, NAME, CA_CODE) VALUES ('0102C05', '인터페이스 구현', '01C02');

INSERT INTO SUB_CATEGORY (CODE, NAME, CA_CODE) VALUES ('0105C01', '소프트웨어 개발 방법론 활용', '01C05');
INSERT INTO SUB_CATEGORY (CODE, NAME, CA_CODE) VALUES ('0105C02', 'IT프로젝트 정보시스템 구축 관리', '01C05');
INSERT INTO SUB_CATEGORY (CODE, NAME, CA_CODE) VALUES ('0105C03', '소프트웨어 개발 보안 구축', '01C05');

INSERT INTO SUB_CATEGORY (CODE, NAME, CA_CODE) VALUES ('0201C01', '데이터 타입', '02C01');
INSERT INTO SUB_CATEGORY (CODE, NAME, CA_CODE) VALUES ('0201C02', '변수', '02C01');
INSERT INTO SUB_CATEGORY (CODE, NAME, CA_CODE) VALUES ('0201C03', '데이터 입.출력', '02C01');


-- STUDY_CONTENTS Sample
INSERT INTO STUDY_CONTENTS (CODE, IMPORTANCE, TITLE, CONTENTS, REG_DATE, SUB_CODE) VALUES ('010101C001', 1, '소프트웨어 생명 주기', '소프트웨어 생명 주기 내용무', SYSDATE, '0101C01');
INSERT INTO STUDY_CONTENTS (CODE, IMPORTANCE, TITLE, CONTENTS, REG_DATE, SUB_CODE) VALUES ('010101C002', 1, '스크럼(Scrum) 기법', '스크럼(Scrum) 기법 내용무', SYSDATE, '0101C01');
INSERT INTO STUDY_CONTENTS (CODE, IMPORTANCE, TITLE, CONTENTS, REG_DATE, SUB_CODE) VALUES ('010101C003', 1, 'XP(eXtreme Programming) 기법', 'XP(eXtreme Programming) 기법 내용무', SYSDATE, '0101C01');
INSERT INTO STUDY_CONTENTS (CODE, IMPORTANCE, TITLE, CONTENTS, REG_DATE, SUB_CODE) VALUES ('010101C004', 3, '현행 시스템 파악', '현행 시스템 파악 내용무', SYSDATE, '0101C01');
INSERT INTO STUDY_CONTENTS (CODE, IMPORTANCE, TITLE, CONTENTS, REG_DATE, SUB_CODE) VALUES ('010101C005', 3, '개발 기술 환경 파악', '개발 기술 환경 파악 내용무', SYSDATE, '0101C01');
INSERT INTO STUDY_CONTENTS (CODE, IMPORTANCE, TITLE, CONTENTS, REG_DATE, SUB_CODE) VALUES ('010101C006', 2, '요구사항 정의', '요구사항 정의 내용무', SYSDATE, '0101C01');
INSERT INTO STUDY_CONTENTS (CODE, IMPORTANCE, TITLE, CONTENTS, REG_DATE, SUB_CODE) VALUES ('010101C007', 3, '요구사항 분석 기법', '요구사항 분석 기법 내용무', SYSDATE, '0101C01');
INSERT INTO STUDY_CONTENTS (CODE, IMPORTANCE, TITLE, CONTENTS, REG_DATE, SUB_CODE) VALUES ('010101C008', 3, '요구사항 확인 기법', '요구사항 확인 기법 내용무', SYSDATE, '0101C01');
INSERT INTO STUDY_CONTENTS (CODE, IMPORTANCE, TITLE, CONTENTS, REG_DATE, SUB_CODE) VALUES ('010101C009', 1, 'UML(Unified Modeling Language)', 'UML(Unified Modeling Language) 내용무', SYSDATE, '0101C01');

INSERT INTO STUDY_CONTENTS (CODE, IMPORTANCE, TITLE, CONTENTS, REG_DATE, SUB_CODE) VALUES ('010102C001', 1, '사용자 인터페이스', '사용자 인터페이스 내용무', SYSDATE, '0101C02');
INSERT INTO STUDY_CONTENTS (CODE, IMPORTANCE, TITLE, CONTENTS, REG_DATE, SUB_CODE) VALUES ('010102C002', 2, 'UI 표준 및 지침', 'UI 표준 및 지침 내용무', SYSDATE, '0101C02');
INSERT INTO STUDY_CONTENTS (CODE, IMPORTANCE, TITLE, CONTENTS, REG_DATE, SUB_CODE) VALUES ('010102C003', 1, 'UI 설계 도구', 'UI 설계 도구 내용무', SYSDATE, '0101C02');
INSERT INTO STUDY_CONTENTS (CODE, IMPORTANCE, TITLE, CONTENTS, REG_DATE, SUB_CODE) VALUES ('010102C004', 2, 'UI 요구사항 확인', 'UI 요구사항 확인 내용무', SYSDATE, '0101C02');
INSERT INTO STUDY_CONTENTS (CODE, IMPORTANCE, TITLE, CONTENTS, REG_DATE, SUB_CODE) VALUES ('010102C005', 2, '품질 요구사항', '품질 요구사항 내용무', SYSDATE, '0101C02');
INSERT INTO STUDY_CONTENTS (CODE, IMPORTANCE, TITLE, CONTENTS, REG_DATE, SUB_CODE) VALUES ('010102C006', 1, 'UI 프로토타입 제작 및 검토', 'UI 프로토타입 제작 및 검토 내용무', SYSDATE, '0101C02');
INSERT INTO STUDY_CONTENTS (CODE, IMPORTANCE, TITLE, CONTENTS, REG_DATE, SUB_CODE) VALUES ('010102C007', 2, 'UI 설계서 작성', 'UI 설계서 작성 내용무', SYSDATE, '0101C02');
INSERT INTO STUDY_CONTENTS (CODE, IMPORTANCE, TITLE, CONTENTS, REG_DATE, SUB_CODE) VALUES ('010102C008', 3, '유용성 평가', '유용성 평가 내용무', SYSDATE, '0101C02');
INSERT INTO STUDY_CONTENTS (CODE, IMPORTANCE, TITLE, CONTENTS, REG_DATE, SUB_CODE) VALUES ('010102C009', 2, 'UI 상세 설계', 'UI 상세 설계 내용무', SYSDATE, '0101C02');
INSERT INTO STUDY_CONTENTS (CODE, IMPORTANCE, TITLE, CONTENTS, REG_DATE, SUB_CODE) VALUES ('010102C010', 3, 'HCI / UX / 감성공학', 'HCI / UX / 감성공학 내용무', SYSDATE, '0101C02');

INSERT INTO STUDY_CONTENTS (CODE, IMPORTANCE, TITLE, CONTENTS, REG_DATE, SUB_CODE) VALUES ('010102C010', 3, 'HCI / UX / 감성공학', 'HCI / UX / 감성공학 내용무', SYSDATE, '0101C02');

INSERT INTO STUDY_CONTENTS (CODE, IMPORTANCE, TITLE, CONTENTS, REG_DATE, SUB_CODE) VALUES ('010104C001', 2, '애플리케이션 테스트', '애플리케이션 테스트 내용무', SYSDATE, '0102C04');
INSERT INTO STUDY_CONTENTS (CODE, IMPORTANCE, TITLE, CONTENTS, REG_DATE, SUB_CODE) VALUES ('010104C002', 2, '애플리케이션 테스트의 분류', '애플리케이션 테스트 내용무', SYSDATE, '0102C04');
INSERT INTO STUDY_CONTENTS (CODE, IMPORTANCE, TITLE, CONTENTS, REG_DATE, SUB_CODE) VALUES ('010104C003', 1, '테스트 기법에 따른 애플리케이션 테스트', '테스트 기법에 따른 애플리케이션 테스트 내용무', SYSDATE, '0102C04');
INSERT INTO STUDY_CONTENTS (CODE, IMPORTANCE, TITLE, CONTENTS, REG_DATE, SUB_CODE) VALUES ('010104C004', 1, '개발 단계에 따른 애플리케이션 테스트', '개발 단계에 따른 애플리케이션 테스트 내용무', SYSDATE, '0102C04');

INSERT INTO STUDY_CONTENTS (CODE, IMPORTANCE, TITLE, CONTENTS, REG_DATE, SUB_CODE) VALUES ('020101C001', 1, '데이터 타입 크기 및 기억범위', '데이터 타입 크기 및 기억범위 내용무', SYSDATE, '0201C01');
INSERT INTO STUDY_CONTENTS (CODE, IMPORTANCE, TITLE, CONTENTS, REG_DATE, SUB_CODE) VALUES ('020102C001', 1, '변수의 개요 와 변수명 작성 규칙', '변수의 개요 와 변수명 작성 규칙 내용무', SYSDATE, '0201C02');
INSERT INTO STUDY_CONTENTS (CODE, IMPORTANCE, TITLE, CONTENTS, REG_DATE, SUB_CODE) VALUES ('020103C001', 1, 'scanf()함수와 서식 문자열', 'scanf()함수와 서식 문자열 내용무', SYSDATE, '0201C03');


INSERT INTO S_QUESTION (CODE, QUESTION, ANSWER, STU_CODE) VALUES('010101001C001', '폭포에서 한번 떨어진 물은 거슬러 올라갈 수 없듯이 소프트웨어 개발도 이전 단꼐로 돌아갈 수 없다는 전제하에 각 단계를 확실히 매듭짓고 그 결과를 철저하게 검토하여 승인 과정을 거친 후에 다음 단계를 진행하는 개발 방법론은 무엇 인가?','폭포수 모형', '010101C001');
INSERT INTO S_QUESTION (CODE, QUESTION, ANSWER, STU_CODE) VALUES('010101001C002', '사용자의 요구사항을 정확히 파악하기 위해 실제 개발될 소프트웨어에 대한 견본(시제)품(Prototype)을 만들어 최종 결과물을 예측하는 모형은 무엇인가?','프로토타입 모형', '010101C001');

INSERT INTO M_QUESTION (CODE, QUESTION, STU_CODE) VALUES('010101001C003', '소프트웨어 생명 주기 모형 중 폭포수 모형에 대한 설명으로 옳지 않은 것은?', '010101C001');
    INSERT INTO M_ANSWER (CODE, Q_CODE, ANSWER, CORRECT) VALUES(1, '010101001C003', '적용 사례가 많다', 'X');
    INSERT INTO M_ANSWER (CODE, Q_CODE, ANSWER, CORRECT) VALUES(2, '010101001C003', '단계별 정의가 분명하다', 'X');
    INSERT INTO M_ANSWER (CODE, Q_CODE, ANSWER, CORRECT) VALUES(3, '010101001C003', '단계별 산출물이 명확하다', 'X');
    INSERT INTO M_ANSWER (CODE, Q_CODE, ANSWER, CORRECT) VALUES(4, '010101001C003', '요구사항의 변경이 용이하다', 'O');

INSERT INTO M_QUESTION (CODE, QUESTION, STU_CODE) VALUES('010101001C004', '나선형 모형에 대한 설명으로 옳지 않은 것은?', '010101C001');
    INSERT INTO M_ANSWER (CODE, Q_CODE, ANSWER, CORRECT) VALUES(1, '010101001C004', '여러 번의 개발 과정을 거쳐 점진적으로 완벽한 소프트웨어를 개발한다.', 'X');
    INSERT INTO M_ANSWER (CODE, Q_CODE, ANSWER, CORRECT) VALUES(2, '010101001C004', '대규모 시스템의 소프트웨어 개발에 적합하다.', 'X');
    INSERT INTO M_ANSWER (CODE, Q_CODE, ANSWER, CORRECT) VALUES(3, '010101001C004', '위험성 평가에 크게 의존하기 때문에 이를 발견하지 않으면 문제가 발생할 수 있다.', 'X');
    INSERT INTO M_ANSWER (CODE, Q_CODE, ANSWER, CORRECT) VALUES(4, '010101001C004', '실제 개발된 소프트웨어에 대한 시제품을 만들어 최종 결과물을 예측하는 모형이다.', 'O');



--넣지말것 INSERT INTO QNA_QUESTION (NO, QNA_TYPE, TITLE, CONTENTS, COUNT, REG_DATE, USER_ID)
--VALUES (SEQ_QUESTION_NO.NEXTVAL,'건의 사항','dsdfsdfs','sdfsdfsdf',0, SYSDATE, 'cjscn');
--QUESTION 데이터 넣기
--INSERT INTO QNA_QUESTION (NO,QNA_TYPE,TITLE,CONTENTS,COUNT,REG_DATE,USER_ID,COMMENT_NO)  VALUES (SEQ_QUESTION_NO.NEXTVAL,NULL,'과정 등록이 오류나서 안됩니다.','과정 등록 버튼을 누르면 응답이 없어 작동하지 않습니다',1,(to_char(SYSDATE,'yyyy.mm.dd hh24:mi')),'cjscn',NULL);

--QNA_TYPE 데이터 넣기
--INSERT INTO QNA_TYPE (TYPE) VALUES ('시스템 문의');

--QNA_COMMENT 데이터 넣기
--INSERT INTO QNA_COMMENT (NO,CONTENTS,REG_DATE,USER_ID)  VALUES (SEQ_COMMENT_NO.NEXTVAL,' 과정 등록 오류에 관한 답변',(to_char(SYSDATE,'yyyy.mm.dd hh24:mi')),'cjscn');
--UPDATE QNA_QUESTION SET COMMENT_NO = '1' WHERE NO='1';
--UPDATE QNA_QUESTION SET QNA_TYPE ='시스템 문의';

COMMIT;






commit;